index;id;title;genres
1;tm84618;Taxi Driver;"['crime','drama']"
7;tm185072;My Fair Lady;"['drama','music','romance','family']"
8;tm98978;The Blue Lagoon;"['romance','drama']"
9;tm119281;Bonnie and Clyde;"['drama','crime','action']"
11;tm44204;The Guns of Navarone;"['war','action','drama']"
16;tm135083;Cairo Station;"['drama','crime','comedy']"
20;tm27298;Saladin the Victorious;"['drama','war','action','history','romance']"
21;tm356209;Singapore;"['drama','thriller','crime']"
22;tm204541;Dark Waters;"['drama','action','romance','thriller']"
23;tm14350;Alexandria… Why?;['drama']
24;tm102287;Raya and Sakina;"['drama','thriller','crime','history']"
25;tm76557;No Longer Kids;"['comedy','drama']"
27;tm94651;Dostana;"['drama','comedy','romance','action','crime']"
28;tm19608;The Blazing Sun;"['romance','crime','drama']"
30;tm90896;The Return of the Prodigal Son;"['drama','crime']"
35;tm107372;Manoranjan;"['comedy','drama','romance']"
36;tm200475;"Beirut, Oh Beirut";['drama']
39;tm344089;Lal Patthar;['drama']
40;tm358653;Ujala;"['romance','crime','drama']"
41;tm100027;Alibaba Aur 40 Chor;"['drama','action','romance','family','fantasy']"
42;tm10204;Professor;"['romance','comedy','drama']"
44;tm16812;Bandie;"['drama','romance','action']"
45;tm336403;Khoon Khoon;"['drama','crime','thriller']"
46;tm119776;Top Gun;"['drama','action']"
48;tm111075;Stand by Me;['drama']
49;tm180542;Once Upon a Time in America;"['drama','crime','european']"
50;tm138875;When Harry Met Sally...;"['romance','comedy','drama']"
52;tm22327;Full Metal Jacket;"['drama','war']"
55;ts22082;Knight Rider;"['action','scifi','crime','drama']"
56;tm145608;Awakenings;"['drama','european']"
57;ts21715;Thomas & Friends;"['family','comedy','music','action','animation','fantasy','drama']"
58;tm41289;Annie;"['drama','family','comedy']"
63;tm130586;Endless Love;"['drama','romance']"
68;tm125985;Mobile Suit Gundam II: Soldiers of Sorrow;"['scifi','drama','war','animation','action']"
69;tm40103;Mobile Suit Gundam: Char's Counterattack;"['scifi','animation','action','drama','war']"
73;tm114356;The George McKenna Story;['drama']
74;tm147829;Unspeakable Acts;['drama']
76;tm49037;Mobile Suit Gundam III: Encounters in Space;"['animation','action','drama','scifi','war']"
77;tm159912;Agneepath;"['action','crime','drama']"
79;tm38736;Too Young The Hero;"['drama','war']"
80;tm258072;Adam: His Song Continues;"['crime','drama']"
81;tm52815;Disco Dancer;"['drama','romance']"
82;tm137013;The Ryan White Story;['drama']
83;tm157853;In Defense of a Married Man;"['drama','crime']"
84;tm157603;Dil;"['romance','comedy','drama']"
85;tm45720;Bye Bye London;"['comedy','drama']"
86;tm55091;Quiet Victory: The Charlie Wedemeyer Story;['drama']
87;tm151332;"Alexandria, Again and Forever";['drama']
88;tm24110;Strange Voices;['drama']
90;tm51083;A Stoning in Fulham County;"['crime','drama','thriller']"
91;tm126791;The Married Couples;['drama']
93;tm311264;Muqaddar Ka Faisla;"['comedy','drama','family','action']"
94;tm172482;Sohni Mahiwal;"['romance','action','drama']"
95;tm52274;The Little Wars;"['drama','war','european']"
97;tm342996;Duniya;"['drama','action']"
99;tm411457;Pyar Ke Do Pal;"['drama','action']"
100;tm371359;Jaal;"['drama','thriller','action']"
101;tm446654;Mujrim;"['drama','action','crime']"
102;tm47673;An Egyptian Story;"['fantasy','drama']"
106;ts22176;Stargate SG-1;"['scifi','drama','action']"
108;tm122434;Forrest Gump;"['drama','romance','comedy']"
110;ts20339;One Piece;"['action','comedy','animation','drama','fantasy']"
111;tm57554;Saving Private Ryan;"['drama','war']"
112;ts34435;Cowboy Bebop;"['western','action','scifi','thriller','animation','comedy','drama']"
113;ts20927;Star Trek: Deep Space Nine;"['scifi','action','drama']"
114;ts5145;The Challenge;"['reality','comedy','drama','scifi']"
115;tm192405;Gattaca;"['thriller','drama','scifi']"
116;ts21567;Gilmore Girls;"['comedy','drama']"
118;tm56574;You've Got Mail;"['romance','drama','comedy']"
120;ts20983;Neon Genesis Evangelion;"['scifi','action','drama','thriller','fantasy','animation']"
122;tm191989;Donnie Brasco;"['thriller','drama','crime']"
126;tm54903;Wild Things;"['drama','thriller','crime','european']"
128;tm191772;Seven Years in Tibet;"['drama','history','war']"
129;tm191848;The Devil's Advocate;"['horror','thriller','drama']"
130;tm121879;A River Runs Through It;['drama']
131;tm44402;"Girl, Interrupted";"['drama','european']"
133;ts25252;Yu-Gi-Oh!;"['scifi','action','family','fantasy','animation','comedy','drama']"
134;ts21034;InuYasha;"['action','comedy','scifi','animation','drama','fantasy','romance']"
135;tm53419;Any Given Sunday;"['drama','sport']"
136;tm189764;Menace II Society;"['drama','crime','thriller']"
139;tm19673;The Patriot;"['drama','action','history','war']"
141;tm189433;Free Willy;"['drama','family']"
144;tm187791;In the Line of Fire;"['drama','thriller','action','crime']"
146;tm10739;Johnny Mnemonic;"['scifi','thriller','action','drama']"
147;tm113576;Little Women;"['drama','family','romance']"
149;tm6859;My Girl;"['comedy','drama','family','romance','european']"
156;tm190835;Neon Genesis Evangelion: The End of Evangelion;"['scifi','action','drama','fantasy','animation']"
157;tm192199;Spawn;"['fantasy','horror','scifi','thriller','action','drama']"
159;tm12499;The Net;"['thriller','action','crime','drama']"
160;tm192431;The Devil's Own;"['thriller','drama','action','crime','european']"
161;tm56033;Croupier;"['thriller','european','crime','drama']"
163;tm61103;The General's Daughter;"['drama','crime','thriller']"
164;tm117488;The Next Karate Kid;"['drama','family','romance','sport','action']"
167;tm17721;Under Suspicion;"['thriller','crime','drama','european']"
168;ts20939;Moesha;"['drama','comedy','family']"
169;ts21693;"Sister, Sister";"['comedy','drama','family']"
170;ts22286;Cardcaptor Sakura;"['scifi','comedy','drama','family','fantasy','romance','animation','action']"
171;tm190811;Geronimo: An American Legend;"['western','drama','history']"
172;tm107659;The Mirror Has Two Faces;"['romance','comedy','drama']"
173;ts21581;Girlfriends;"['comedy','drama']"
176;tm63514;The Last Days;"['drama','documentation','war']"
178;tm10811;Heavy;"['romance','drama']"
180;tm188606;Sankofa;"['drama','european']"
185;tm189171;Wild Tango;"['drama','music','romance']"
186;tm67635;Kuch Kuch Hota Hai;"['drama','romance','comedy']"
189;tm41525;Herod's Law;"['drama','comedy','crime']"
191;ts21684;Heartbreak High;"['drama','romance','comedy']"
192;tm55100;Dil Se..;"['drama','romance']"
193;ts224786;Escalona;['drama']
194;tm204173;Aashik Aawara;"['romance','comedy','drama']"
195;tm191614;Destiny;"['drama','romance','comedy','history']"
197;tm424630;A Triumph of the Heart: The Ricky Bell Story;"['drama','sport']"
198;tm12876;Bombay;"['romance','drama']"
199;tm52083;West Beirut;"['romance','war','comedy','drama','european']"
200;tm9898;Muthu;"['drama','comedy','romance','action']"
201;tm326102;Qila;"['drama','music','family']"
202;tm12482;Ram Jaane;"['action','drama','romance','crime']"
203;tm128925;Chamatkar;"['comedy','fantasy','drama','crime']"
204;tm52871;Soldier;"['thriller','action','drama','romance']"
205;ts28516;Okupas;"['crime','drama']"
206;tm62385;Hum Saath Saath Hain;"['fantasy','romance','family','drama']"
207;tm184502;Kabhi Haan Kabhi Naa;"['comedy','drama','music','romance']"
208;tm7810;Nightmare in Columbia County;"['drama','crime','thriller']"
209;tm27601;Phir Bhi Dil Hai Hindustani;"['comedy','romance','drama']"
211;tm47530;Jeans;"['drama','romance','comedy']"
212;tm105716;Chaahat;"['drama','romance']"
213;tm117873;Hum Aapke Hain Koun..!;"['romance','comedy','drama']"
214;tm189773;Maya Memsaab;"['romance','drama','thriller']"
215;tm7032;Out of Life;"['war','drama','crime','european']"
217;tm340430;Govindha Govindha;"['drama','action','crime']"
218;tm184326;Damini;"['drama','crime']"
219;tm110225;English Babu Desi Mem;"['romance','comedy','drama']"
222;tm118438;Anjaam;"['thriller','romance','drama']"
223;tm62176;Mann;"['drama','romance']"
226;tm44776;The Other;"['drama','european','romance']"
229;tm256669;Gumrah;"['action','crime','drama','thriller']"
230;tm117840;The Emigrant;['drama']
231;tm334788;Yodha;"['drama','action']"
232;tm110160;Avvai Shanmugi;"['drama','comedy']"
233;tm192301;Minsara Kanavu;"['comedy','drama','romance']"
234;tm110766;Chronicle of a Disappearance;['drama']
235;tm118256;Yaar Gaddar;"['crime','action','drama']"
237;tm314602;Dushmani;"['romance','action','drama']"
238;tm25389;Fiza;"['drama','romance','action','crime']"
240;tm210754;Have You Ever Seen Fireflies? - Theatre Play;"['drama','comedy']"
241;tm449775;Shikari;"['drama','action']"
243;ts4;Breaking Bad;"['drama','thriller','crime']"
244;ts9;The Walking Dead;"['action','drama','scifi','thriller','horror']"
245;ts26091;The Staircase;"['crime','documentation','drama']"
246;ts11;Downton Abbey;"['drama','romance','european']"
247;ts21469;Grey's Anatomy;"['drama','romance']"
249;ts6495;Criminal Minds;"['thriller','crime','drama']"
250;ts22337;NCIS;"['action','drama','crime','thriller','comedy']"
252;ts22011;Heartland;"['drama','family']"
253;ts21465;Supernatural;"['scifi','thriller','drama','fantasy','horror']"
254;tm33545;Forgetting Sarah Marshall;"['comedy','drama','romance']"
262;tm87484;How to Train Your Dragon;"['fantasy','animation','action','comedy','family','drama']"
263;ts20604;Friday Night Lights;"['drama','sport']"
265;tm78592;Michael Clayton;"['thriller','crime','drama']"
266;ts21511;My Little Pony: Friendship Is Magic;"['scifi','animation','drama','fantasy','music','comedy','family']"
269;ts32186;Sonic X;"['action','drama','thriller','animation','comedy','fantasy','family','scifi']"
270;ts11313;DEATH NOTE;"['scifi','animation','crime','drama','fantasy','thriller']"
272;ts21247;The Vampire Diaries;"['scifi','drama','thriller','fantasy','horror','romance']"
276;tm86803;The Social Network;['drama']
277;tm105329;Road to Perdition;"['thriller','documentation','crime','drama']"
279;tm35463;Blow;"['drama','crime']"
280;tm84371;Shooter;"['thriller','action','drama']"
281;tm139658;Big Fish;"['drama','fantasy','romance']"
283;tm131038;Public Enemies;"['crime','drama','history','action','european']"
286;tm133767;Love Actually;"['drama','comedy','romance']"
287;tm88738;Closer;"['drama','romance']"
289;tm148270;Something's Gotta Give;"['romance','drama','comedy']"
290;tm93055;Grown Ups;"['comedy','drama','european']"
291;tm133374;The Blind Side;"['drama','sport']"
295;tm76066;Into the Wild;['drama']
296;tm90190;True Grit;"['western','drama']"
300;ts6644;Borgen;"['drama','european']"
301;tm142086;The Last Samurai;"['drama','history','war','action']"
303;ts30311;Victorious;"['comedy','drama','family','music','romance','sport']"
304;tm95252;The Book of Eli;"['thriller','action','drama','european']"
306;ts21197;Merlin;"['action','scifi','drama','fantasy','european']"
307;tm195620;Apocalypse Now Redux;"['drama','war','thriller','horror']"
309;tm84613;Hairspray;"['comedy','drama','romance']"
310;tm173551;Corpse Bride;"['fantasy','romance','animation','drama','family']"
311;tm94606;Let Me In;"['horror','drama','fantasy','thriller','european']"
312;tm136308;Monster;"['crime','drama','thriller','european']"
314;tm145593;Once Upon a Time in Mexico;"['drama','action','crime','thriller']"
315;tm150260;Cloudy with a Chance of Meatballs;"['animation','drama','romance','comedy','family','fantasy','scifi']"
316;ts30313;Offspring;"['drama','comedy']"
318;tm130647;Chloe;"['thriller','drama','romance','european']"
319;tm32919;Blood Diamond;"['thriller','drama']"
320;tm23935;The Lake House;"['drama','fantasy','romance','documentation']"
323;tm44486;Heist;"['thriller','drama','action','crime','european']"
324;tm39487;Catch and Release;"['romance','comedy','drama']"
325;tm169949;Just Like Heaven;"['drama','romance','fantasy','comedy']"
326;ts35155;Gurren Lagann;"['scifi','action','comedy','drama','animation']"
327;tm184913;Four Brothers;"['crime','action','drama','thriller']"
328;tm118637;John Q;"['drama','thriller','crime']"
330;tm40009;21;"['drama','crime','history','thriller']"
331;ts12787;Code Geass: Lelouch of the Rebellion;"['scifi','animation','action','drama','thriller','war']"
334;tm78067;The Girl Next Door;"['thriller','drama','crime','horror']"
341;tm30205;Ip Man;"['drama','fantasy','action','history']"
342;tm159310;Coach Carter;"['drama','sport','european']"
346;tm88045;How Do You Know;"['drama','comedy','romance']"
349;tm31187;The Other Boleyn Girl;"['romance','drama','history']"
351;tm74780;The Bucket List;"['drama','comedy','european']"
353;ts21544;Transformers: Prime;"['action','comedy','drama','family','scifi','animation']"
354;tm176528;Memoirs of a Geisha;"['drama','romance','european']"
355;tm102337;A Nightmare on Elm Street;"['horror','thriller','crime','drama']"
356;tm36188;Body of Lies;"['drama','action','thriller']"
364;tm90864;Due Date;"['drama','comedy']"
366;ts687;The 4400;"['scifi','thriller','drama']"
368;tm142564;3 Idiots;"['comedy','drama']"
369;ts23752;Midnight Diner;"['drama','comedy']"
370;ts21706;H2O: Just Add Water;"['drama','scifi','fantasy','family']"
371;ts21740;Black Butler;"['scifi','fantasy','animation','comedy','drama','thriller','crime','horror','action']"
375;ts22005;Total Drama Island;"['action','reality','animation','family','comedy','drama']"
376;tm183963;Dreamer: Inspired By a True Story;"['drama','family','sport','fantasy']"
379;tm137342;Tears of the Sun;"['drama','thriller','war','action']"
380;ts21688;Boys Over Flowers;"['comedy','drama','romance']"
385;tm55303;I Am Sam;['drama']
386;tm31189;The Spiderwick Chronicles;"['fantasy','thriller','action','drama','family']"
387;tm165593;Rumor Has It...;"['comedy','drama','romance']"
388;ts15986;Dead Set;"['scifi','thriller','comedy','drama','horror','european']"
389;ts26322;Toradora!;"['animation','romance','comedy','drama']"
392;tm36644;World Trade Center;"['thriller','history','drama']"
393;tm77649;Premonition;"['thriller','drama','fantasy']"
397;tm43399;Lagaan: Once Upon a Time in India;"['drama','romance','sport']"
400;tm29555;Friends with Money;"['romance','comedy','drama']"
401;tm93225;Legend of the Guardians: The Owls of Ga'Hoole;"['fantasy','family','action','war','drama','thriller','animation']"
407;tm135451;Gifted Hands: The Ben Carson Story;['drama']
408;ts20526;The Game;"['comedy','drama','sport','romance']"
410;ts30083;Angel Beats!;"['scifi','action','comedy','drama','fantasy','animation']"
411;tm141707;Blood and Bone;"['thriller','action','crime','drama','sport']"
412;tm103095;Ip Man 2;"['drama','history','sport','action']"
414;tm83786;Like Stars on Earth;"['drama','family']"
416;ts27459;The Legend of Bruce Lee;"['action','drama']"
417;ts20544;Ouran High School Host Club;"['comedy','drama','animation','romance']"
418;tm27168;Felon;"['crime','thriller','drama','action']"
419;ts40702;The Ultimatum;['drama']
420;ts30288;Mobile Suit Gundam Unicorn;"['action','drama','scifi','war','animation']"
422;ts21967;Johnny Test;"['comedy','drama','family','scifi','animation','action']"
424;tm130574;Did You Hear About the Morgans?;"['comedy','romance','drama']"
429;tm160800;Chaos;"['action','crime','drama','thriller','european']"
430;ts38159;Wakfu;"['action','drama','scifi','fantasy','animation','family','european']"
432;tm164557;Initial D;"['drama','action','crime','thriller','animation','comedy','romance']"
438;tm137530;Love Happens;"['drama','romance']"
439;ts25765;Vampire Knight;"['scifi','romance','animation','action','drama','fantasy','horror']"
440;ts3666;Den-noh Coil;"['scifi','animation','comedy','drama']"
442;tm100688;Even the Rain;"['drama','european','history']"
444;tm36475;Kabhi Khushi Kabhie Gham;"['drama','romance']"
450;tm29269;Jodhaa Akbar;"['romance','history','war','action','drama']"
451;tm156001;And Then Came Lola;"['comedy','drama','romance']"
453;tm73058;Om Shanti Om;"['comedy','drama','fantasy','romance','thriller','action']"
454;tm76835;Jab We Met;"['comedy','drama','romance']"
455;ts1464;The Cartel;"['action','crime','drama','thriller','comedy']"
456;tm48083;Te quiero;"['drama','comedy','european']"
457;tm33981;Bon Cop Bad Cop;"['crime','scifi','drama','thriller','action','comedy']"
459;ts72322;The Mafia Dolls;"['drama','action']"
461;tm165259;I Will Follow;['drama']
463;tm65142;One Piece: The Desert Princess and the Pirates: Adventure in Alabasta;"['drama','comedy','animation','action']"
465;tm22342;Waist Deep;"['thriller','drama','crime','action']"
467;tm41508;First Sunday;"['comedy','crime','drama']"
470;tm170873;My Suicide;"['comedy','drama']"
473;tm110923;Divine Intervention;"['drama','comedy','romance','war']"
476;tm177687;Naruto: Legend of the Stone of Gelel;"['fantasy','comedy','drama','animation','action']"
479;tm156575;Billu;"['drama','comedy']"
483;tm91046;"Cairo 6,7,8";['drama']
484;tm61056;Dil Chahta Hai;"['drama','comedy','romance']"
487;tm81461;Whisky;"['drama','comedy']"
488;tm32915;EMI;"['drama','comedy','crime']"
489;ts63295;Vientos de agua;['drama']
493;tm31564;Linewatch;"['thriller','crime','drama']"
495;tm54147;Dostana;"['drama','comedy','romance']"
498;tm37945;Rock On!!;"['drama','music']"
499;tm25029;Eternal Summer;"['romance','drama']"
501;tm34524;"One Piece: Episode of Chopper Plus: Bloom in the Winter, Miracle Cherry Blossom";"['action','animation','comedy','drama','fantasy']"
503;tm65839;Just Another Love Story;"['thriller','european','crime','drama']"
506;tm34846;Bleach the Movie: Fade to Black;"['fantasy','drama','animation','action']"
507;tm32885;Rang De Basanti;"['comedy','drama','history','crime']"
509;tm82765;Swades;"['drama','european']"
511;tm44749;Sorry to Disturb;"['thriller','comedy','drama','romance']"
513;tm146887;Delhi-6;"['drama','comedy']"
514;tm144345;Kal Ho Naa Ho;"['drama','comedy','romance']"
515;tm70222;Sivaji: The Boss;"['drama','crime','thriller','action']"
516;tm92977;Ishqiya;"['comedy','thriller','romance','drama']"
518;tm98975;Guzaarish;"['drama','romance']"
520;tm43179;Oye Lucky! Lucky Oye!;"['comedy','drama','action','crime']"
521;tm95434;Love in a Puff;"['romance','comedy','drama']"
522;tm23441;Kabhi Alvida Naa Kehna;"['drama','romance']"
524;tm86051;Black Friday;"['crime','action','drama','history']"
527;tm23077;Vivah;"['drama','family','romance']"
531;tm165809;Bluffmaster!;"['drama','comedy','romance','thriller','crime']"
533;tm68191;My Führer;"['drama','european','comedy','war']"
534;tm51493;Vizontele;"['comedy','drama']"
536;ts1413;Autumn's Concerto;"['drama','romance']"
540;tm96168;Once Upon a Time in Mumbaai;"['thriller','crime','drama','romance','action']"
541;tm72587;Guru;"['romance','documentation','drama','european']"
542;tm88366;Main Hoon Na;"['drama','romance','thriller','action','comedy']"
545;tm164389;Paheli;"['fantasy','drama','romance','comedy']"
546;tm77863;Honeymoon Travels Pvt. Ltd.;"['comedy','drama','romance']"
547;ts137477;Behind Enemy Lines;['drama']
549;ts4866;Fated to Love You;"['drama','comedy','romance']"
550;tm149209;Kaminey;"['drama','crime','action','thriller']"
554;tm39557;Jaane Tu... Ya Jaane Na;"['drama','comedy','romance']"
555;tm22558;Mukhsin;"['drama','comedy','family']"
556;ts204466;Pecados capitales;"['comedy','drama','romance']"
557;tm164591;Apaharan;"['action','drama','crime']"
558;tm106625;"LSD: Love, Sex aur Dhokha";"['drama','comedy','crime','romance']"
561;ts67595;Pedro El Escamoso;"['drama','comedy']"
562;tm29731;Chup Chup Ke;"['comedy','drama','romance']"
563;tm80455;Manorama Six Feet Under;"['thriller','crime','drama']"
566;tm129971;Luck by Chance;"['romance','drama']"
568;tm103133;Karthik Calling Karthik;"['thriller','drama','romance']"
572;tm75544;Dhan Dhana Dhan Goal;"['drama','sport','thriller']"
573;tm29028;Salt of This Sea;"['romance','drama','european']"
574;tm93004;Yuva;"['action','drama','thriller']"
575;tm23977;Fuga;"['thriller','drama','music']"
576;tm78790;Namastey London;"['comedy','drama','romance']"
577;tm44530;Fashion;"['romance','drama']"
578;tm102848;Peepli Live;"['drama','comedy']"
579;tm96595;Lakshya;"['drama','romance','war','action']"
581;tm155774;Pomegranates and Myrrh;['drama']
582;tm44378;Tony Manero;"['drama','music']"
583;tm97982;Do Dooni Chaar;"['drama','comedy','crime']"
584;tm27484;Kismat Konnection;"['romance','comedy','drama']"
585;tm145243;Wake Up Sid;"['comedy','drama','romance']"
586;tm77348;Life in a Metro;"['drama','comedy','romance']"
588;tm111226;Awara Paagal Deewana;"['action','comedy','crime','drama','thriller']"
590;tm104349;The Unjust;"['thriller','drama','action','crime']"
591;tm152724;Kurbaan;"['thriller','action','crime','drama','romance','sport']"
592;tm69694;Can’t Complain;"['thriller','crime','romance','comedy','drama']"
595;tm33729;Taxi No. 9 2 11;"['drama','thriller','comedy']"
596;tm129763;Anbe Sivam;"['comedy','drama']"
597;tm130301;Gangaajal;"['drama','crime','action']"
598;tm141117;Chalte Chalte;"['comedy','drama','romance']"
599;tm35652;Mumbai Meri Jaan;['drama']
600;tm49865;Aamir;"['thriller','action','crime','drama']"
602;tm134140;Ishq Vishk;"['drama','comedy','romance']"
603;ts82592;The Truth;"['drama','thriller']"
604;tm114504;The Legend of Bhagat Singh;"['drama','history','action']"
605;tm76029;Under the Bombs;"['romance','drama','european','war']"
606;tm33067;Race;"['drama','action','thriller','crime','comedy']"
607;tm103732;Udaan;['drama']
609;tm98475;We Are Family;"['drama','comedy','family']"
611;tm101609;Raajneeti;"['drama','thriller','crime']"
614;tm112235;Kannathil Muthamittal;"['drama','war','action']"
616;tm96052;Palermo Hollywood;['drama']
617;tm134407;Dev.D;"['drama','romance','comedy']"
618;tm81864;Twins Mission;"['action','drama','comedy','crime']"
619;tm346951;What's Up?;"['drama','comedy']"
620;tm144263;Aagey Se Right;"['comedy','crime','drama']"
622;tm85689;Krishna Cottage;"['thriller','drama','horror']"
623;ts12444;The Fierce Wife;['drama']
626;tm897538;Let's Dance;['drama']
627;tm91323;I Hate Luv Storys;"['drama','romance','comedy']"
628;tm36636;C Kkompany;"['comedy','drama','thriller']"
629;tm52176;Welcome to Sajjanpur;"['comedy','drama']"
630;ts95855;Wedding Planner;['drama']
631;tm178555;I Am Kalam;"['comedy','drama','family']"
632;tm42831;Kyo Kii... Main Jhuth Nahin Bolta;"['comedy','action','drama','fantasy']"
633;tm135795;The Kite;['drama']
634;tm254052;Kucch To Hai;"['horror','thriller','drama','romance']"
635;tm166293;The Blue Umbrella;"['drama','family','fantasy','comedy']"
636;tm99450;Break Ke Baad;"['drama','romance','comedy']"
637;tm154375;Main Aurr Mrs Khanna;"['drama','comedy','romance']"
638;tm241875;Frank & Cindy;"['documentation','music','drama']"
639;tm97325;Tum Milo Toh Sahi;"['drama','comedy']"
640;tm85563;Ezra;"['drama','european']"
641;tm95507;Chance Pe Dance;"['drama','music','romance','comedy']"
643;tm154802;Agyaat;"['horror','thriller','drama']"
644;tm21155;Falafel;"['drama','european']"
645;tm46867;Kuselan;"['drama','family','comedy']"
647;tm160596;Zozo;"['drama','european','family','war']"
648;tm76399;A Love Story;"['romance','drama']"
650;tm456581;Anchor Baby;"['documentation','drama','thriller']"
652;ts39604;The Hospital;['drama']
658;tm130999;Dhoondte Reh Jaaoge;"['comedy','drama']"
659;ts23353;Together;"['drama','comedy']"
660;tm87672;Rabun;"['drama','family']"
661;tm27275;Life's Speed Bump;"['drama','romance','comedy']"
663;tm85369;Hattrick;"['romance','drama','comedy','sport']"
664;tm143510;Harishchandrachi Factory;"['comedy','drama']"
665;tm311516;Koi Aap Sa;"['romance','comedy','drama']"
667;tm148041;What's Your Raashee?;"['comedy','drama','romance']"
668;tm152413;Talentime;['drama']
670;ts70843;The Prince Who Turns into a Frog;"['drama','romance','comedy']"
671;tm57586;Mission Istaanbul;"['action','drama','thriller']"
672;ts25707;The Little Nyonya;['drama']
673;tm91125;Fida;"['romance','action','crime','drama','thriller']"
675;ts8614;Breakout;"['drama','action']"
676;tm142153;Kisaan;"['thriller','action','crime','drama']"
679;tm91176;Ijé: The Journey;['drama']
681;ts4924;At Dolphin Bay;"['drama','comedy','romance']"
682;tm88343;Perazhagan;"['thriller','comedy','drama','romance']"
683;ts126804;My MVP Valentine;['drama']
684;tm28024;A Very Special Love;"['romance','drama','comedy']"
685;ts188031;Pink Zone;"['drama','romance','comedy']"
688;ts29581;Unriddle;"['thriller','action','drama']"
690;tm639940;Tango with Me;"['drama','family','romance']"
693;ts82583;The Family Court;['drama']
697;tm252951;Brother's Shadow;['drama']
698;tm628693;"Do Paise Ki Dhoop, Chaar Aane Ki Baarish";['drama']
699;tm340006;Banyuki;['drama']
700;ts8175;Call the Midwife;"['drama','history','european']"
702;tm166064;"Crazy, Stupid, Love.";"['romance','comedy','drama']"
704;ts278;Black Mirror;"['scifi','thriller','drama','european']"
705;tm170442;Margin Call;"['thriller','drama']"
706;tm41792;Django Unchained;"['western','drama']"
707;ts21580;Longmire;"['western','action','crime','drama']"
708;tm50018;Looper;"['thriller','scifi','drama','crime','action']"
709;ts20660;Shameless;"['drama','comedy']"
711;tm60292;Argo;"['drama','thriller']"
712;ts27680;Last Tango in Halifax;"['comedy','drama','romance','european']"
715;ts33338;Top Boy;"['drama','thriller','crime','european']"
716;tm166548;Warrior;"['drama','action','sport']"
717;ts32835;Hunter x Hunter;"['drama','action','comedy','crime','animation','documentation','family','fantasy']"
718;tm32982;Les Misérables;"['drama','romance','history','war']"
719;ts17598;Arrow;"['action','crime','drama','scifi']"
720;tm161802;The Girl with the Dragon Tattoo;"['crime','thriller','drama']"
721;tm158304;Contagion;"['thriller','scifi','action','drama']"
723;tm37153;Killing Them Softly;"['crime','thriller','drama']"
727;tm59428;Silver Linings Playbook;"['drama','romance','comedy']"
728;ts20457;The Legend of Korra;"['action','scifi','comedy','drama','family','fantasy','animation']"
729;ts20429;Sword Art Online;"['scifi','action','animation','drama','western','comedy','fantasy','romance','thriller']"
732;ts6506;The Borgias;"['drama','history','romance','crime']"
735;ts34087;Puella Magi Madoka Magica;"['scifi','thriller','animation','drama','fantasy']"
737;tm60844;Berserk: The Golden Age Arc I - The Egg of the King;"['fantasy','war','animation','action','drama','horror']"
738;tm160132;Soul Surfer;"['drama','family','sport']"
742;tm40319;Savages;"['thriller','action','crime','drama']"
746;ts20500;Lilyhammer;"['crime','comedy','drama']"
747;tm62210;Rurouni Kenshin Part I: Origins;"['drama','war','action','history']"
751;ts11151;Fate/Zero;"['scifi','action','animation','drama','fantasy','thriller']"
752;tm173195;The Rite;"['drama','thriller','horror']"
753;ts9246;Blue Exorcist;"['scifi','horror','family','animation','action','drama','fantasy']"
758;ts7708;anohana: The Flower We Saw That Day;"['drama','fantasy','romance','animation']"
760;ts18551;Cuckoo;"['comedy','drama','european']"
762;tm174256;Red Riding Hood;"['fantasy','thriller','horror','drama','romance']"
768;tm106278;Everything Must Go;"['comedy','drama']"
769;ts36647;Rita;"['comedy','drama','european']"
774;tm174683;Arthur Christmas;"['drama','animation','family','comedy','fantasy']"
776;tm182586;Silenced;['drama']
777;tm39313;A Perfect Ending;"['drama','romance']"
780;tm69386;Quartet;"['romance','comedy','drama','music']"
781;tm38064;Berserk: The Golden Age Arc II - The Battle for Doldrey;"['fantasy','drama','horror','animation','action']"
782;ts34737;La Reina del Sur;"['drama','action','crime','thriller']"
783;ts21081;Pablo Escobar: The Drug Lord;"['crime','drama','history','thriller']"
785;tm161904;Bully;"['drama','documentation']"
787;tm171292;Cloudburst;"['romance','drama','comedy']"
789;tm160361;A Princess for Christmas;"['comedy','family','romance','drama']"
790;tm34331;Middle of Nowhere;['drama']
791;tm182125;Zindagi Na Milegi Dobara;"['comedy','drama']"
798;tm164353;Singham;"['drama','action','crime']"
799;ts81858;Larva;"['comedy','family','animation','drama','horror','thriller']"
803;tm68436;Barfi!;"['drama','comedy','romance']"
804;ts39093;EastSiders;"['drama','comedy']"
806;tm52062;Mosquita y Mari;['drama']
807;tm176111;The Great Magician;"['drama','comedy','romance']"
817;tm177958;Pyaar Ka Punchnama;"['romance','comedy','drama','european']"
823;tm183176;A Second Chance;"['drama','family','sport']"
826;tm178106;Chillar Party;"['drama','comedy','family']"
827;tm175909;The Dirty Picture;"['drama','comedy']"
828;tm74031;Kyaa Super Kool Hain Hum;"['drama','comedy']"
829;tm57610;Talaash;"['thriller','crime','fantasy','drama']"
831;ts6879;El Reemplazante;['drama']
834;tm47171;OMG: Oh My God!;"['fantasy','drama','comedy']"
835;tm65765;6 Bullets;"['thriller','drama','action','crime']"
836;tm70528;Material;"['comedy','drama']"
837;tm161804;Toll Booth;['drama']
840;ts60663;The In-Laws;"['family','drama']"
842;tm174518;Bodyguard;"['drama','romance','action','comedy']"
843;tm180532;Shaitan;"['action','crime','thriller','drama']"
844;tm35700;Paan Singh Tomar;"['drama','sport','thriller','action','crime']"
847;tm172883;Game;"['thriller','drama','action','crime','european']"
850;tm59372;Arjun: The Warrior Prince;"['animation','action','drama']"
851;tm160021;A Beautiful Life;"['drama','romance']"
854;tm39606;Tere Naal Love Ho Gaya;"['romance','drama','comedy']"
859;tm159593;No One Killed Jessica;"['crime','drama','thriller']"
861;tm167241;Ragini MMS;"['horror','drama','thriller']"
863;tm50798;10 jours en or;"['comedy','drama','european']"
864;tm31948;26 Years;"['thriller','crime','drama']"
865;tm179451;7 Khoon Maaf;"['thriller','comedy','drama']"
866;tm162592;Asmaa;['drama']
868;ts41114;The Oath;['drama']
870;tm33601;Tita Rahiba;"['comedy','drama']"
871;tm48239;Ek Main Aur Ekk Tu;"['drama','comedy','romance']"
872;tm56734;Last Flight to Abuja;"['action','thriller','drama']"
873;tm166810;Michael;"['thriller','drama']"
875;tm169053;Shor in the City;"['drama','crime']"
878;tm168751;Stray Bullet;['drama']
879;tm38331;The Mistress;"['romance','drama']"
880;ts32460;Inborn Pair;"['drama','comedy']"
882;tm44615;Ferrari Ki Sawaari;"['comedy','family','sport','drama']"
884;ts32561;Office Girls;"['drama','comedy','romance']"
886;tm60213;One More Try;['drama']
889;tm53360;Blood Money;"['drama','thriller','action','crime']"
890;tm69915;Heroine;['drama']
891;tm29400;Bwakaw;"['drama','comedy']"
892;ts69208;"Love, Now";"['drama','comedy']"
893;tm946846;Taxi Ballad;['drama']
895;tm34646;Sisterakas;"['drama','comedy']"
900;ts44064;Drunken to Love You;"['comedy','drama','romance']"
901;tm172211;Question Mark;['drama']
902;ts128422;Takki;['drama']
904;tm172504;"Darling, Something's Wrong with Your Head";"['drama','romance','war','european']"
908;tm159623;No Other Woman;"['drama','thriller','romance']"
909;ts39465;Yours Fatefully;"['drama','comedy','romance']"
911;tm235979;My Friend Pinto;"['comedy','drama','crime']"
912;tm361958;The Mirror Boy;"['fantasy','drama']"
913;ts37864;The Glamorous Imperial Concubine;"['drama','romance','history']"
914;tm181366;Here Comes the Rain;['drama']
915;ts20837;Outlander;"['scifi','drama','fantasy','romance']"
916;ts20110;Peaky Blinders;"['drama','crime','european']"
917;ts20682;Attack on Titan;"['scifi','action','drama','fantasy','horror','animation']"
918;ts1639;The Blacklist;"['drama','crime','thriller']"
921;ts11188;The Flash;"['scifi','drama','action']"
922;tm151663;Nightcrawler;"['crime','thriller','drama']"
923;ts20292;Gotham;"['scifi','action','crime','drama','thriller']"
925;tm169422;Her;"['drama','romance','scifi']"
926;tm169719;42;"['drama','sport']"
927;tm140877;The Imitation Game;"['thriller','drama','war']"
928;tm171042;The Call;"['crime','thriller','drama','horror','european']"
929;ts8146;The 100;"['drama','action','scifi']"
930;tm148147;Big Eyes;"['drama','documentation','crime','romance']"
931;ts21374;How to Get Away with Murder;"['drama','thriller','crime']"
932;tm183523;Oldboy;"['thriller','action','drama']"
933;tm176864;Rush;"['drama','action','sport','european']"
934;ts20248;Reign;"['drama','fantasy']"
936;tm143227;Begin Again;"['comedy','music','romance','drama']"
939;ts14583;BoJack Horseman;"['drama','comedy','animation']"
940;ts6;House of Cards;['drama']
942;tm148671;A Walk Among the Tombstones;"['drama','thriller','action','crime']"
943;tm182429;Olympus Has Fallen;"['thriller','action','drama']"
944;tm153284;The Giver;"['drama','scifi','romance','thriller']"
945;ts20823;Orange Is the New Black;"['drama','comedy','crime']"
946;ts20824;The Originals;"['scifi','drama','fantasy','horror']"
947;ts21367;Jane the Virgin;"['drama','comedy']"
949;tm145655;St. Vincent;"['comedy','drama']"
950;ts20280;Marco Polo;"['action','drama','history','documentation']"
951;ts35682;Wentworth;"['drama','crime','thriller']"
952;ts20261;Madam Secretary;"['war','thriller','drama']"
955;ts34950;KILL la KILL;"['action','scifi','fantasy','animation','comedy','drama']"
956;tm181270;The Frozen Ground;"['thriller','drama','crime']"
957;ts20791;Z Nation;"['action','drama','scifi','comedy','horror','romance']"
959;tm168400;Empire State;"['drama','crime','thriller','action','european']"
960;ts2727;Derek;"['drama','comedy','european']"
962;tm176630;The Butler;"['drama','european']"
963;ts32218;The Thundermans;"['action','scifi','family','comedy','drama']"
964;ts20097;Hemlock Grove;"['thriller','drama','fantasy','horror','scifi']"
968;ts20014;Sailor Moon Crystal;"['scifi','animation','action','comedy','drama','fantasy','romance','family']"
969;tm187979;Cloudy with a Chance of Meatballs 2;"['comedy','family','fantasy','scifi','drama','animation']"
971;ts32271;Shtisel;['drama']
977;ts20917;The Night Shift;"['drama','romance','fantasy','horror','action','animation','comedy']"
978;ts35282;The Next Step;"['drama','romance','family']"
980;tm143474;Vampire Academy;"['fantasy','horror','thriller','action','comedy','drama']"
983;ts20336;Velvet;"['drama','romance','thriller','action','crime','european']"
985;tm142856;Sabotage;"['drama','thriller','western','action','crime']"
986;ts22426;The Irregular at Magic High School;"['scifi','romance','animation','action','drama','fantasy']"
987;tm181081;The Railway Man;"['drama','european','war','romance']"
988;ts42168;Resurrection: Ertugrul;"['war','action','drama','history']"
991;tm144121;Get on Up;"['drama','music']"
996;ts20310;Girlfriends' Guide to Divorce;"['comedy','drama']"
997;tm159796;Brick Mansions;"['crime','drama','action','thriller']"
998;tm181533;The Big Wedding;"['comedy','drama','romance']"
1000;tm469911;Bonnie & Clyde;"['drama','crime','european']"
1001;ts82979;Talking Tom and Friends;"['comedy','drama','family','action','animation','fantasy','european']"
1003;tm143642;Who Am I;"['thriller','european','drama','scifi','crime']"
1004;ts10206;Ever After High;"['action','comedy','drama','family','fantasy','music','romance','animation']"
1005;ts20709;Yowamushi Pedal;"['comedy','drama','sport','animation']"
1006;ts32060;Sam & Cat;"['drama','family','comedy']"
1012;tm143372;Stand by Me Doraemon;"['fantasy','animation','comedy','drama','family','scifi']"
1013;tm71148;Thanks for Sharing;"['drama','comedy','romance']"
1014;tm161562;Copenhagen;"['drama','romance']"
1016;ts22445;The Heirs;"['drama','comedy','romance']"
1017;tm180599;The Haunting in Connecticut 2: Ghosts of Georgia;"['horror','thriller','drama']"
1018;ts20790;Young & Hungry;"['comedy','drama','romance']"
1019;tm171965;Mike Birbiglia: My Girlfriend's Boyfriend;"['drama','documentation','comedy','romance']"
1020;tm185208;Elena;"['documentation','european','drama','family']"
1022;tm167944;Berserk: The Golden Age Arc III - The Advent;"['fantasy','action','drama','horror','romance','animation']"
1026;ts21368;Black Money Love;"['action','drama','romance','crime']"
1029;tm157085;Effie Gray;"['drama','romance']"
1031;tm187390;The Square;"['drama','history','documentation']"
1033;tm147913;PK;"['comedy','drama','romance','fantasy','scifi']"
1034;tm170919;Underdogs;"['romance','drama','documentation','sport','animation','family']"
1036;ts34066;Mako Mermaids: An H2O Adventure;"['scifi','action','comedy','drama','family','fantasy','romance']"
1038;tm177223;Company of Heroes;['drama']
1040;tm2269;Selfie;"['comedy','documentation','drama','european']"
1043;tm35895;Buddies;"['drama','comedy','documentation','european']"
1044;tm176481;Chennai Express;"['romance','comedy','drama','action']"
1046;ts37187;Senora Acero;"['crime','drama','romance']"
1048;ts58137;Pac-Man and the Ghostly Adventures;"['action','animation','comedy','drama','family','fantasy','scifi']"
1052;ts33840;Nagi-Asu: A Lull in the Sea;"['scifi','animation','drama','fantasy','romance']"
1054;tm182275;Omar;"['thriller','war','crime','drama','romance']"
1058;tm148910;Haider;"['drama','action','crime','thriller']"
1059;tm143363;2 States;"['comedy','drama','romance']"
1062;ts16117;20 Minutes;"['action','drama','romance']"
1064;tm165504;Blind Detective;"['crime','drama','thriller','action','comedy']"
1065;tm148662;The Boss: Anatomy of a Crime;"['drama','crime']"
1066;ts154625;Dérapages;"['drama','thriller']"
1067;ts76743;Dokidoki! PreCure;"['action','animation','comedy','drama','fantasy','family']"
1071;tm145791;Miss Granny;"['drama','comedy','fantasy','music']"
1072;tm155291;Highway;"['drama','crime','romance']"
1073;tm156811;Queen;"['drama','comedy']"
1079;ts20781;Incomplete Life;"['drama','comedy']"
1081;tm149578;Mission Blue;"['documentation','drama']"
1084;tm186054;ABCD;"['drama','music']"
1088;tm178513;Bombay Talkies;['drama']
1089;tm182322;Kai Po Che!;"['drama','sport']"
1093;tm185797;Fukrey;"['romance','comedy','drama']"
1094;tm154729;Dedh Ishqiya;"['drama','romance','thriller','comedy']"
1097;tm158302;Ankhon Dekhi;"['drama','comedy']"
1100;tm186161;Boss;"['action','comedy','crime','drama']"
1101;ts34074;"That Winter, the Wind Blows";['drama']
1104;tm151927;Mary Kom;"['drama','sport','action']"
1105;ts122290;Dharmakshetra;['drama']
1106;tm169669;Four Sisters and a Wedding;"['drama','comedy']"
1107;tm175812;Special 26;"['thriller','crime','drama']"
1108;tm181550;Once Upon a Time in Mumbai Dobaara!;"['crime','drama','romance','action']"
1112;tm149747;The Perfect Dictatorship;"['comedy','drama']"
1113;tm140911;Imperial Dreams;['drama']
1114;tm158692;Liar's Dice;"['drama','crime','thriller','family']"
1117;tm160034;Humpty Sharma Ki Dulhania;"['drama','comedy','romance']"
1118;tm158436;Print the Legend;"['documentation','drama','history']"
1119;tm172027;The Butterfly's Dream;"['drama','history','romance']"
1121;ts82860;Against the Tide;['drama']
1127;tm159094;Naan Sigappu Manithan;"['drama','thriller','action']"
1133;tm184511;Inkaar;"['drama','romance','thriller']"
1135;tm157461;Coming Soon;"['drama','comedy','romance']"
1137;tm144541;Refugiado;"['drama','thriller','european']"
1140;tm200926;Heritages;"['drama','european']"
1142;tm183002;Madras Cafe;"['thriller','action','drama']"
1144;tm205684;Confusion Na Wa;"['crime','comedy','drama']"
1145;tm167107;Saheb Biwi Aur Gangster Returns;"['drama','thriller','action','crime']"
1146;tm143299;Ungli;"['comedy','drama','thriller','crime']"
1147;tm175753;Chashme Baddoor;"['comedy','drama']"
1150;tm182580;Ghadi;"['drama','comedy','family']"
1151;tm157681;Eyes of a Thief;['drama']
1153;tm162259;Mars at Sunrise;['drama']
1154;tm167342;Satyagraha;"['drama','documentation']"
1157;tm178234;Blind Intersections;['drama']
1161;tm187505;She's The One;"['romance','comedy','drama']"
1164;tm176900;Theeya Velai Seiyyanum Kumaru;"['comedy','drama','romance']"
1170;tm171891;Himmatwala;"['drama','comedy','action']"
1171;tm242276;Na Bangaaru Talli;"['drama','family','thriller','crime']"
1172;tm187118;What the Fish;"['drama','comedy']"
1173;tm202914;My Own Man;"['drama','comedy','family','documentation']"
1174;tm159296;One by Two;"['romance','comedy','drama']"
1176;tm156397;Starting Over Again;"['romance','comedy','drama','documentation','european']"
1177;tm166723;It Takes a Man and a Woman;"['comedy','drama','romance']"
1181;tm323262;Seven Souls in the Skull Castle;"['drama','action','romance']"
1184;tm181051;Giraffada;"['drama','european']"
1185;tm146144;Bobby Jasoos;"['drama','comedy','thriller']"
1190;tm577690;A Place in the Stars;"['drama','thriller']"
1191;tm136036;That Thing Called Tadhana;"['romance','comedy','drama']"
1192;tm177224;Gori Tere Pyaar Mein;"['romance','comedy','drama']"
1193;tm1036195;Condom Lead;['drama']
1194;tm142852;She's Dating the Gangster;"['romance','comedy','drama']"
1195;tm180738;Deewana Main Deewana;"['thriller','comedy','drama','romance']"
1197;ts32752;Two Fathers;"['comedy','drama']"
1200;ts144527;World at Your Feet;['drama']
1206;tm145658;The Amazing Praybeyt Benjamin;"['drama','action','comedy','fantasy','romance']"
1207;tm610571;Diamonds in the Sky;['drama']
1209;tm176553;Doctor Bello;"['drama','action']"
1217;ts8;Better Call Saul;"['comedy','drama','crime']"
1218;ts36577;The Last Kingdom;"['action','war','drama','history','european']"
1219;ts38796;Stranger Things;"['scifi','drama','fantasy','horror','thriller']"
1222;ts35251;Grace and Frankie;"['comedy','drama']"
1223;ts41766;The Good Place;"['scifi','comedy','romance','drama','fantasy']"
1226;ts37490;Chicago Med;['drama']
1227;ts41961;Queen of the South;"['drama','thriller','action','crime']"
1228;ts42069;The Crown;"['drama','history','european']"
1229;ts37866;Call My Agent!;"['comedy','drama','european']"
1230;tm232579;Hunt for the Wilderpeople;"['comedy','drama','action']"
1231;tm243100;Hell or High Water;"['western','thriller','action','crime','drama']"
1236;ts39007;Van Helsing;"['scifi','fantasy','horror','action','drama']"
1237;ts35201;Food Wars! Shokugeki no Soma;"['animation','comedy','drama','fantasy','thriller']"
1238;ts36147;Lucifer;"['scifi','crime','drama','fantasy']"
1239;ts36550;DC's Legends of Tomorrow;"['scifi','action','drama']"
1240;tm242705;Raw;"['horror','drama','fantasy','european']"
1241;tm120108;Kung Fu Panda 3;"['comedy','animation','action','family','fantasy','drama']"
1242;tm206698;Ouija: Origin of Evil;"['thriller','horror','drama']"
1243;ts38199;The Magicians;"['drama','scifi','fantasy']"
1244;tm239727;Nocturnal Animals;"['drama','thriller']"
1245;tm199607;The Gift;"['thriller','drama','documentation']"
1246;ts53051;The OA;"['scifi','drama','fantasy']"
1248;ts21869;Sense8;"['scifi','thriller','drama']"
1249;tm204163;War Dogs;"['crime','drama','comedy','war']"
1252;ts70529;Norsemen;"['comedy','drama']"
1253;tm138905;The Hateful Eight;"['western','crime','drama','thriller']"
1254;tm137693;Crimson Peak;"['thriller','drama','horror','romance','fantasy']"
1255;ts18010;Bloodline;"['drama','thriller']"
1256;ts38718;Slasher;"['drama','horror','thriller','crime']"
1257;tm136465;Tangerine;"['comedy','drama','crime']"
1258;ts42120;Travelers;"['scifi','drama','thriller','crime']"
1259;tm195209;Legend;"['thriller','crime','drama','european']"
1260;ts36631;Narcos;"['drama','thriller','crime']"
1262;ts41956;Designated Survivor;"['war','action','drama','thriller']"
1264;ts36015;Into the Badlands;"['action','drama']"
1265;ts21981;iZombie;"['scifi','comedy','crime','drama','horror']"
1266;ts38710;Wynonna Earp;"['action','scifi','western','drama','fantasy','thriller']"
1267;tm120609;"Hail, Caesar!";"['drama','comedy','music']"
1268;ts35253;Dark Matter;"['scifi','drama','thriller','action']"
1269;ts35554;Scream: The TV Series;"['crime','horror','thriller','comedy','drama']"
1270;ts38090;Versailles;"['drama','history','romance','war','documentation','comedy','european']"
1271;tm233377;The Edge of Seventeen;"['comedy','drama']"
1273;tm193769;Steve Jobs;['drama']
1274;ts35563;Supergirl;"['scifi','drama','action']"
1276;tm233425;A Silent Voice: The Movie;"['romance','animation','drama','family']"
1277;ts42077;Medici: Masters of Florence;"['war','drama','history','romance','thriller','european']"
1279;ts38734;Marcella;"['crime','drama','european']"
1280;tm143984;London Has Fallen;"['thriller','crime','drama','action']"
1282;ts53099;Bordertown;"['drama','crime','european']"
1283;ts53664;Fauda;"['war','thriller','action','drama']"
1284;tm143085;Chappie;"['scifi','drama','thriller','action','crime']"
1285;tm209987;Christine;['drama']
1286;ts42022;El marginal;"['crime','drama','action','thriller']"
1287;ts38415;Frontier;"['action','drama','history']"
1288;tm137002;Bāhubali: The Beginning;"['drama','action','fantasy']"
1291;ts42169;ERASED;"['drama','animation','fantasy','scifi','thriller']"
1292;ts41289;Flowers;"['drama','comedy','european']"
1293;tm138297;The Conjuring 2;"['thriller','horror','drama']"
1294;ts38511;Love;"['drama','comedy','romance']"
1295;tm245271;Gantz:O;"['animation','scifi','action','drama','fantasy','thriller','horror']"
1296;tm134791;Unfriended;"['thriller','horror','drama']"
1297;ts21986;Good Witch;"['scifi','comedy','drama','fantasy']"
1298;ts41149;The Ranch;"['comedy','drama','western']"
1299;ts52829;Paranoid;"['crime','thriller','drama','european']"
1300;tm135106;In a Valley of Violence;"['thriller','western','drama','crime','action']"
1302;ts41975;Shooter;"['war','drama','action']"
1303;tm196125;"Hello, My Name Is Doris";"['romance','comedy','drama']"
1304;ts41490;Hap and Leonard;"['action','drama','crime','thriller']"
1305;ts36177;Glitch;"['scifi','drama','horror','thriller']"
1306;ts37464;Occupied;"['war','thriller','drama']"
1307;tm196296;A Monster Calls;"['fantasy','drama','thriller','animation','family','european']"
1308;ts37971;Master of None;"['drama','comedy']"
1309;ts21885;Unbreakable Kimmy Schmidt;"['comedy','drama']"
1310;tm233214;Under the Shadow;"['thriller','horror','war','drama','fantasy']"
1312;tm219233;Loving;"['drama','romance']"
1314;ts41963;Easy;"['drama','comedy']"
1315;ts52838;3%;"['scifi','action','drama','thriller']"
1317;tm199700;The Danish Girl;"['drama','romance','european']"
1318;tm200126;He Never Died;"['horror','fantasy','drama','thriller','comedy']"
1320;ts36046;BUNK'D;"['comedy','family','drama']"
1321;ts36545;Quantico;"['drama','thriller','crime']"
1322;tm139532;Before I Wake;"['drama','fantasy','horror','thriller']"
1323;ts36856;F is for Family;"['comedy','animation','drama']"
1324;tm219248;The Fundamentals of Caring;"['drama','comedy']"
1326;ts35362;Locked Up;"['drama','thriller','action','comedy','european']"
1327;tm239743;Batman: The Killing Joke;"['drama','crime','thriller','animation','action']"
1329;tm205890;Bastille Day;"['action','drama','thriller','crime']"
1331;tm233521;Other People;"['comedy','drama']"
1332;ts35354;Zoo;"['drama','thriller','scifi']"
1335;ts38758;Ajin;"['action','animation','drama','fantasy','thriller','horror','scifi']"
1337;ts41913;Frequency;"['scifi','fantasy','thriller','drama']"
1338;tm134516;"Crouching Tiger, Hidden Dragon: Sword of Destiny";"['drama','fantasy','action']"
1339;ts42655;Wanted;"['drama','action','crime']"
1340;ts3844;Aquarius;"['drama','crime','thriller','european']"
1341;ts53287;Roman Empire;"['drama','history','war','documentation']"
1342;tm136321;Advantageous;"['scifi','drama','family']"
1343;tm233465;The Bye Bye Man;"['thriller','fantasy','horror','drama']"
1344;ts42156;Degrassi: Next Class;"['drama','romance']"
1345;tm136257;Beasts of No Nation;"['war','drama']"
1347;ts38116;Mobile Suit Gundam: Iron-Blooded Orphans;"['scifi','war','action','drama','animation']"
1348;tm140843;Self/less;"['scifi','thriller','action','drama']"
1349;tm238722;Collateral Beauty;"['drama','romance']"
1351;ts53249;Trollhunters: Tales of Arcadia;"['action','scifi','fantasy','animation','comedy','drama','family']"
1354;ts42043;March Comes in Like a Lion;"['drama','animation','comedy','romance']"
1355;tm206512;Circle;"['scifi','thriller','horror','drama','european']"
1356;tm200690;The Forest;"['thriller','scifi','drama','fantasy','horror']"
1358;tm205812;The Siege of Jadotville;"['thriller','war','drama','action','history','european']"
1360;tm235405;Hyena Road;"['thriller','action','drama','war']"
1361;tm245378;Barry;['drama']
1362;ts52830;Gilmore Girls: A Year in the Life;"['comedy','drama']"
1364;tm230551;Ip Man 3;"['drama','action','history']"
1365;ts38731;Rebellion;"['war','drama','history','european']"
1367;tm138672;Frank & Lola;"['drama','romance','thriller','crime']"
1369;ts38809;The Get Down;"['drama','music']"
1370;tm253083;Blue Jay;"['romance','drama']"
1373;ts79799;Dragons: Race to the Edge;"['animation','action','scifi','family','comedy','drama','fantasy']"
1375;tm245671;Dangal;"['action','drama','sport']"
1378;tm239733;Headshot;"['thriller','action','drama']"
1379;ts38568;Flaked;"['drama','romance','comedy']"
1381;ts42137;Voltron: Legendary Defender;"['action','scifi','animation','comedy','drama','family','fantasy']"
1383;tm123789;The Young Messiah;"['drama','fantasy']"
1385;ts38770;Lady Dynamite;"['comedy','drama']"
1386;ts42038;No Tomorrow;"['comedy','drama','romance','thriller']"
1388;tm233533;White Girl;"['drama','horror','crime']"
1389;ts42119;Greenleaf;['drama']
1391;tm166321;Our Brand Is Crisis;"['comedy','drama']"
1394;tm142881;Jem and the Holograms;"['fantasy','drama','family','music','romance','scifi']"
1399;tm267948;7 Years;"['drama','european']"
1402;ts54028;Case;"['crime','drama','thriller']"
1404;tm136061;Suffragette;"['drama','history']"
1405;tm201222;The Girl King;"['drama','european','history','romance']"
1406;tm215638;Boyka: Undisputed IV;"['drama','european']"
1410;tm219276;Tallulah;"['drama','romance','comedy']"
1411;tm135543;By the Sea;"['drama','european','romance']"
1412;tm233544;Marco Polo: One Hundred Eyes;"['action','history','drama']"
1416;ts42257;Signal;"['crime','scifi','thriller','drama','fantasy']"
1417;ts35406;Between;"['scifi','drama','thriller']"
1418;ts128895;Midnight Diner: Tokyo Stories;['drama']
1419;tm245724;Ares;"['scifi','thriller','drama','european']"
1421;tm244880;I Am the Pretty Thing That Lives in the House;"['thriller','drama','horror']"
1422;ts37660;Reply 1988;"['comedy','drama','family','romance']"
1424;ts41258;Cinderella and Four Knights;"['comedy','drama','romance']"
1429;ts52943;The Sound of Your Heart;"['drama','comedy']"
1430;ts21979;Spotless;"['drama','comedy','crime','european']"
1431;tm205870;Message from the King;"['thriller','drama','action','crime','european']"
1433;ts36547;Club de Cuervos;"['comedy','drama']"
1434;ts84398;Little Things;"['comedy','drama','romance']"
1436;tm232953;Sleight;"['thriller','crime','drama','scifi','action']"
1437;tm240007;Sniper: Ghost Shooter;['drama']
1439;ts39014;Kuromukuro;"['comedy','drama','action','scifi','animation']"
1441;ts38764;Marseille;"['drama','european']"
1446;ts38230;The Method;"['drama','thriller','crime']"
1452;tm267135;The Dreamseller;['drama']
1455;tm157283;Güeros;"['drama','comedy']"
1456;tm219173;Term Life;"['thriller','action','crime','drama']"
1457;tm244507;The Distinguished Citizen;"['comedy','drama','european']"
1458;tm218052;Drishyam;"['thriller','crime','drama']"
1462;ts66540;"Can't Cope, Won't Cope";"['drama','comedy','european']"
1469;tm246870;Lavender;"['thriller','drama']"
1470;ts35359;Heidi;"['drama','family','animation','european']"
1475;ts42089;Haters Back Off;"['comedy','drama','family','romance']"
1476;ts42075;Intersection;['drama']
1477;ts43272;Terrace House: Boys & Girls in the City;"['reality','drama']"
1479;ts41883;The K2;"['war','drama','romance','thriller']"
1481;ts41260;"Hello, My Twenties!";"['comedy','drama','romance']"
1485;tm290444;Pandora;"['drama','action','thriller']"
1486;tm200454;Ok Kanmani;"['drama','romance']"
1489;tm275800;The Lighthouse of the Orcas;"['drama','romance','european']"
1490;ts42218;Sin senos sí hay paraíso;"['action','drama','romance','crime']"
1493;tm232950;The Devil's Mistress;"['romance','drama','history','european']"
1494;tm139870;Opening Night;"['comedy','thriller','drama','action','crime']"
1496;ts41294;Mossad 101;"['action','drama']"
1497;tm267429;"Surviving Compton: Dre, Suge and Michel'le";"['drama','documentation']"
1501;tm233344;Kapoor & Sons;"['romance','comedy','drama','family']"
1502;ts53076;El Chema;"['drama','action','crime']"
1503;ts53106;Tokyo Trial;"['drama','history']"
1504;ts41253;Love O2O;"['drama','romance']"
1506;ts38717;Good Morning Call;"['comedy','drama','romance']"
1507;tm239947;Mercy;"['thriller','drama']"
1508;tm236999;Our Lovers;"['comedy','drama','romance','european']"
1510;tm218186;Septembers of Shiraz;"['drama','thriller','western']"
1511;tm242755;Ordinary World;"['drama','family','comedy','music']"
1513;tm193388;Dhanak;"['drama','comedy']"
1516;ts52988;Captive;"['documentation','drama','european']"
1518;tm201365;Brothers;"['drama','action','sport']"
1519;ts38761;Another Miss Oh;"['drama','fantasy','romance','comedy']"
1522;ts56748;T@gged;"['drama','thriller','reality']"
1526;ts56032;La Niña;"['action','drama']"
1529;tm244513;Divines;"['drama','crime','european']"
1533;tm132524;I Am Michael;"['drama','romance']"
1536;tm224377;Heneral Luna;"['action','drama','history','war']"
1537;tm217939;Un + une;"['comedy','drama','european','romance']"
1538;tm193211;Mucize;"['drama','comedy','romance','documentation','european']"
1540;tm234292;The Heirs;['drama']
1544;tm242422;In the Shadow of Iris;"['thriller','drama','crime','european']"
1547;tm350159;Couple Of Days;['drama']
1548;tm224275;3000 Nights;['drama']
1549;tm195764;6 Years;"['romance','drama']"
1550;tm211478;Tamasha;"['drama','comedy','romance']"
1551;tm195870;Manson Family Vacation;"['drama','comedy','thriller']"
1554;tm240895;Strange Weather;['drama']
1555;tm246579;Rainbow Time;"['drama','comedy']"
1557;tm211461;Much Loved;"['drama','european']"
1558;ts86831;The Good Cop;"['comedy','drama']"
1562;tm230524;"Chatô, The King of Brazil";"['comedy','drama']"
1564;ts53065;One More Time;"['scifi','drama','fantasy']"
1565;ts54010;My Runway;"['comedy','drama','fantasy','romance']"
1566;tm242687;Riphagen the Untouchable;"['thriller','war','drama','european']"
1568;ts38772;Dear My Friends;"['drama','comedy']"
1570;ts53149;White Nights;['drama']
1571;tm240162;Udta Punjab;"['crime','action','drama']"
1572;ts57705;The Paper;"['drama','crime','action']"
1573;tm242646;Toro;"['thriller','action','crime','drama','european']"
1576;tm197503;Hunterrr;"['romance','drama','comedy']"
1577;ts74929;H20: Mermaid Adventures;"['comedy','drama','family','fantasy','romance','animation','european']"
1580;ts54022;Terrace House: Aloha State;"['reality','drama']"
1581;ts43258;Stories by Rabindranath Tagore;['drama']
1582;ts55365;The Haunted House;"['thriller','fantasy','horror','animation','comedy','drama','family']"
1585;tm241998;Mohenjo Daro;"['romance','drama','history','action']"
1591;ts41899;Nightmare Teacher;"['drama','horror','thriller']"
1593;tm244559;I Called Him Morgan;"['music','documentation','history','drama','european']"
1594;tm245102;The Next Skin;"['thriller','drama','european']"
1595;ts35505;Old Money;"['comedy','drama','european']"
1596;tm201906;Belgica;"['drama','european']"
1597;tm248010;Taxi Driver;"['crime','drama','comedy']"
1598;tm239774;XOXO;"['music','drama']"
1603;tm232832;The Lion Woman;"['drama','european']"
1604;tm227042;Prem Ratan Dhan Payo;"['action','drama','family','romance']"
1606;tm233843;Pyaar Ka Punchnama 2;"['comedy','drama','romance']"
1607;ts43341;Atelier;"['drama','documentation','comedy']"
1608;ts82582;The Truth Seekers;"['drama','action']"
1613;tm526163;Dinosaur World;"['animation','comedy','drama']"
1614;tm239739;Raman Raghav 2.0;"['thriller','crime','drama']"
1616;ts87465;Witch Hunt: A Century of Murder;"['crime','history','fantasy','drama','european']"
1617;ts52825;The Princess Weiyoung;"['drama','history','romance']"
1618;ts107658;Mind Game;"['drama','action','crime']"
1621;tm311494;Slam;"['comedy','romance','drama','european']"
1625;tm376111;Chocolate City: Vegas Strip;['drama']
1626;tm246543;Journey to Greenland;"['drama','comedy','european']"
1627;tm227523;Fifty;"['romance','drama','sport','thriller']"
1629;tm219699;Phantom;"['thriller','action','drama','horror','crime','european']"
1631;tm316567;HiGH&LOW: The Red Rain;"['action','drama']"
1632;tm321785;Lens;"['thriller','drama']"
1634;tm228839;Ali Baba and the 7 Dwarfs;"['comedy','action','drama']"
1636;tm219817;Talvar;"['thriller','crime','drama']"
1639;tm208628;Dil Dhadakne Do;"['drama','comedy','romance']"
1640;tm66466;Wazir;"['thriller','crime','action','drama']"
1644;tm245722;Chronically Metropolitan;"['drama','comedy']"
1645;tm245911;1898: Our Last Men in the Philippines;"['drama','history','war','european']"
1648;ts52950;Miss in Kiss;"['comedy','drama']"
1650;tm232855;Everything About Her;"['comedy','drama']"
1653;tm208713;Gabbar Is Back;"['drama','action','crime','comedy']"
1655;tm234466;Jonah;"['thriller','drama','romance','family']"
1661;tm233015;Fitoor;"['drama','romance']"
1665;tm245293;You Are My Sunday;"['drama','comedy']"
1666;tm270982;Layla M.;"['drama','european']"
1667;ts51367;Trailer Park Boys: Out of the Park: Europe;"['action','crime','drama','comedy']"
1668;tm274053;Asperger's Are Us;"['documentation','comedy','drama']"
1669;tm137557;Honeytrap;"['drama','crime','romance']"
1670;tm315345;City of Joy;"['documentation','crime','drama','thriller','war']"
1671;tm207668;ABCD 2;"['music','drama']"
1673;ts21876;My Sunshine;"['drama','romance']"
1676;ts55556;A Touch of Green;"['family','drama','war']"
1677;tm149212;Olmo and the Seagull;"['drama','european','romance','family','documentation']"
1678;tm239933;7:19;"['thriller','drama','history']"
1680;tm233366;Te3n;"['thriller','drama']"
1684;tm247631;Clair Obscur;"['drama','european']"
1686;tm246485;U Turn;"['horror','thriller','crime','drama']"
1687;ts42432;28 Faces of the Moon;['drama']
1688;tm267017;I Love You;"['drama','comedy','romance','european']"
1689;tm244842;Ordinary People;['drama']
1692;tm227044;Shaandaar;"['romance','drama','comedy']"
1695;tm138584;Hawaizaada;"['fantasy','drama']"
1697;tm224255;Very Big Shot;"['thriller','action','crime','drama']"
1699;tm155382;X: Past Is Present;"['drama','thriller','romance']"
1701;tm240733;100 Meters;"['drama','comedy','european']"
1705;ts83454;"Have You Ever Fallen in Love, Miss Jiang?";['drama']
1706;tm217986;Bangistan;"['comedy','drama']"
1709;tm247767;Kiss of Life;"['comedy','romance','drama']"
1711;tm375681;S Storm;"['action','thriller','crime','drama']"
1716;tm203056;Husband Factor;"['comedy','fantasy','romance','drama']"
1718;ts81027;Spark;['drama']
1719;ts86089;Under the Black Moonlight;"['drama','thriller','horror']"
1721;ts41151;Hibana: Spark;['drama']
1722;tm201855;Katti Batti;"['romance','comedy','drama']"
1725;tm233463;Husband Factor: Resurrection;"['comedy','family','romance','drama','fantasy']"
1727;ts83450;Close Your Eyes Before It's Dark;"['drama','crime']"
1728;ts53017;Best Lover;"['drama','romance']"
1731;tm232710;A Second Chance;"['romance','drama','family','sport','documentation']"
1733;tm134052;Umrika;"['drama','comedy']"
1735;ts53543;The Miracle;"['drama','comedy','fantasy','music']"
1736;ts82475;The Dream Job;"['drama','family']"
1738;tm212968;Frank and Cindy;"['comedy','drama']"
1739;ts41485;Vanished 46;"['scifi','action','crime','drama','thriller']"
1740;tm211571;Niyazi Gül Dörtnala;"['comedy','drama','action']"
1742;tm244923;My Mother's Wound;"['drama','war']"
1743;tm350374;Saawan;"['drama','thriller']"
1744;tm233570;Beauty and the Bestie;"['comedy','drama','action']"
1745;tm554110;The CEO;"['drama','thriller']"
1747;ts84542;Magic Cellphone;"['drama','comedy']"
1748;tm242906;Sila Samayangalil;['drama']
1749;ts253685;Secret of Success;['drama']
1750;ts36634;Diamond Lover;"['comedy','drama']"
1754;tm245791;My Stupid Boss;"['comedy','drama']"
1755;tm244577;Love O2O;"['romance','drama']"
1757;tm549892;Aerials;"['drama','scifi','thriller']"
1761;ts87884;Sons of the Caliphate;['drama']
1763;tm244635;The Blind Christ;['drama']
1766;tm211424;Dharam Sankat Mein;"['comedy','drama']"
1770;tm244380;Barcelona: A Love Untold;"['drama','romance']"
1771;tm540757;Project Marathwada;['drama']
1773;tm245042;Budhia Singh: Born to Run;"['drama','sport']"
1774;tm198786;Crazy Beautiful You;"['romance','drama','comedy']"
1775;tm226320;Kara Bela;"['comedy','action','drama']"
1776;tm424879;Road To High & Low;"['action','drama']"
1777;ts36741;Fartsa;"['crime','drama']"
1778;tm214589;The Breakup Playlist;"['drama','music','romance']"
1779;ts35963;Singles Villa;"['drama','romance']"
1782;tm247159;The Last Egg;"['romance','drama','comedy']"
1785;tm231911;Everyday I Love You;"['romance','drama']"
1786;tm139590;Triumph in the Skies;"['comedy','drama']"
1788;tm407961;Gbomo Gbomo Express;"['drama','crime']"
1792;tm242745;Cristina;"['drama','documentation']"
1795;tm246810;Santa Banta Pvt Ltd;"['comedy','crime','drama']"
1796;ts249161;Tariqi: My Way;"['drama','music']"
1797;tm252609;76;"['romance','drama']"
1798;ts248736;The Governor;['drama']
1802;tm272666;The Unmarried Wife;"['romance','drama']"
1803;tm219739;The Love Affair;"['romance','drama']"
1806;ts53513;Back to 1989;"['scifi','drama']"
1809;tm235005;Oloibiri;"['thriller','drama','action']"
1812;tm350727;Hajwala: The Missing Engine;"['drama','thriller','action','crime','sport']"
1813;tm245050;The Arbitration;"['drama','comedy']"
1814;tm212909;Just the Way You Are;"['drama','comedy','romance']"
1815;ts38703;My Little Baby;"['comedy','drama']"
1817;ts56544;Bibik Bibikku;"['drama','comedy']"
1819;tm421382;Lakeeran;['drama']
1822;tm234735;Time Out;"['drama','animation','family','music']"
1823;tm239078;Jada;"['drama','sport']"
1824;ts53864;Ozark;"['crime','thriller','drama']"
1826;ts56683;The Sinner;"['crime','thriller','drama']"
1827;tm239091;Blade Runner 2049;"['scifi','thriller','action','drama']"
1828;ts55668;Dark;"['scifi','crime','drama','thriller']"
1829;tm310953;Sorry to Bother You;"['fantasy','scifi','drama','comedy']"
1830;tm232797;Dunkirk;"['drama','history','thriller','war','action','european']"
1831;tm244259;Wind River;"['thriller','crime','drama','western']"
1832;tm315344;Molly's Game;"['drama','crime','sport']"
1833;ts53023;Riverdale;"['thriller','drama','romance','crime']"
1834;ts81064;Legacies;"['scifi','drama','fantasy','horror']"
1835;ts42405;Mindhunter;"['crime','drama','thriller']"
1836;tm318206;Den of Thieves;"['thriller','action','crime','drama']"
1837;ts83970;All American;"['drama','sport']"
1838;tm315174;Phantom Thread;"['romance','drama']"
1839;ts81294;Manifest;"['scifi','drama','thriller']"
1840;ts78305;Elite;"['crime','drama','thriller']"
1841;ts78801;Cobra Kai;"['action','comedy','drama','sport']"
1842;ts79813;You;"['thriller','crime','drama','romance']"
1843;ts77398;Lost in Space;"['scifi','action','drama','thriller','family']"
1844;ts56768;Money Heist;"['crime','drama','thriller','action','european']"
1845;tm344989;Lady Bird;"['drama','comedy']"
1846;ts57120;Good Girls;"['comedy','drama','crime']"
1848;ts81884;Bodyguard;"['war','crime','drama','thriller','european']"
1849;ts75151;Godless;"['western','documentation','action','drama','crime']"
1850;ts54102;Altered Carbon;"['scifi','thriller','action','drama']"
1851;ts75097;Maniac;"['drama','scifi','comedy']"
1852;ts84785;Dirty John;"['crime','drama']"
1853;tm244220;Darkest Hour;"['drama','war','history','thriller','family']"
1854;ts42477;Babylon Berlin;"['crime','thriller','drama','european']"
1855;ts81208;Charmed;"['scifi','drama','fantasy']"
1856;ts58433;The Haunting of Hill House;"['drama','scifi','horror','thriller']"
1858;ts53663;Workin' Moms;"['comedy','drama']"
1859;tm244364;The Nightingale;"['thriller','drama','horror']"
1863;tm420745;How It Ends;"['thriller','action','drama','scifi']"
1864;ts57465;Dynasty;['drama']
1865;tm232500;The Disaster Artist;"['comedy','drama']"
1866;ts54054;Imposters;"['drama','comedy','crime']"
1867;ts55982;Anne with an E;"['drama','family']"
1868;tm350379;Ghostland;"['horror','thriller','drama','european']"
1870;ts58133;Manhunt;"['documentation','crime','thriller','drama']"
1871;tm425889;The Ballad of Buster Scruggs;"['western','comedy','drama','romance']"
1872;tm244174;Okja;"['drama','scifi','action']"
1874;tm350;The Bad Batch;"['drama','action','horror','romance','scifi']"
1876;ts53198;One Day at a Time;"['comedy','drama']"
1877;ts76243;The End of the F***ing World;"['crime','comedy','drama','romance','thriller']"
1878;ts58367;Safe;"['drama','thriller','crime','european']"
1879;ts55720;GLOW;"['drama','comedy','sport','reality']"
1881;ts78430;Collateral;"['drama','thriller','crime']"
1882;tm210043;Shot Caller;"['thriller','crime','drama']"
1883;ts56261;Castlevania;"['scifi','drama','fantasy','horror','animation','action']"
1884;tm226948;The Shack;"['fantasy','drama']"
1885;ts82849;The Kominsky Method;"['drama','comedy']"
1886;ts74809;Knightfall;"['action','drama','history']"
1887;ts56969;Atypical;"['comedy','drama']"
1888;ts58155;Alias Grace;"['drama','thriller','crime']"
1889;tm288499;Roma;"['drama','european']"
1890;ts76458;Deadwind;"['drama','thriller','crime']"
1891;tm299741;Crooked House;"['drama','crime']"
1892;ts39015;A Series of Unfortunate Events;"['action','family','comedy','drama']"
1893;tm244191;The Beguiled;"['drama','documentation','war','thriller']"
1894;ts74816;American Vandal;"['comedy','drama','crime']"
1895;ts52821;Watership Down;"['animation','action','drama','family','fantasy']"
1896;ts77563;Mystery Science Theater 3000;"['scifi','comedy','thriller','drama','horror']"
1897;ts80856;Chilling Adventures of Sabrina;"['scifi','thriller','drama','horror','fantasy']"
1898;tm272060;What Happened to Monday;"['thriller','drama','action','crime','fantasy','scifi']"
1899;tm233482;The Foreigner;"['thriller','action','crime','drama','european']"
1900;tm271951;Apostle;"['thriller','horror','drama','fantasy']"
1902;tm371380;The Package;"['comedy','drama','thriller']"
1903;ts76869;Violet Evergarden;"['drama','animation','scifi','fantasy','romance']"
1904;ts82526;Narcos: Mexico;"['drama','crime']"
1905;tm310899;Mary Magdalene;['drama']
1907;tm266666;Gerald's Game;"['horror','thriller','drama']"
1908;tm435086;Level 16;"['thriller','drama','scifi','european']"
1909;ts82189;BAKI;"['action','animation','drama','sport']"
1910;tm267401;The Invisible Guest;"['thriller','crime','drama','european']"
1911;tm239286;The Cloverfield Paradox;"['thriller','horror','scifi','drama','action']"
1912;tm273294;I Don't Feel at Home in This World Anymore;"['drama','thriller','comedy','crime','european']"
1914;tm414285;Abducted in Plain Sight;"['crime','documentation','thriller','drama']"
1916;ts77197;Seven Seconds;"['crime','drama']"
1918;tm346943;Kodachrome;"['drama','comedy','european']"
1919;ts76865;Devilman Crybaby;"['scifi','animation','action','drama','fantasy','horror']"
1920;tm371900;Calibre;"['thriller','horror','drama']"
1922;ts121489;Two Sentence Horror Stories;"['drama','horror','thriller']"
1924;ts55781;Black Spot;"['drama','thriller','crime','horror','european']"
1926;tm374132;Bird Box;"['thriller','drama','horror','scifi']"
1927;ts78080;Everything Sucks!;"['drama','comedy']"
1928;tm244175;The Zookeeper's Wife;"['drama','war','history']"
1929;ts58307;Bad Blood;"['drama','crime']"
1931;tm319818;Outlaw King;"['drama','action','history','war']"
1935;ts56648;The Keepers;"['crime','action','drama','documentation']"
1936;tm244332;Beirut;"['thriller','action','crime','drama']"
1938;ts42294;13 Reasons Why;"['drama','thriller']"
1939;ts84010;Pine Gap;"['drama','thriller']"
1940;tm414887;Destination Wedding;"['romance','comedy','drama']"
1941;ts80035;Nightflyers;"['scifi','thriller','drama','horror']"
1942;tm420348;Cam;"['horror','thriller','drama']"
1943;ts57055;Black Lightning;"['scifi','action','drama']"
1944;tm244206;The Meyerowitz Stories (New and Selected);"['drama','comedy']"
1948;tm310706;Extinction;"['drama','thriller','scifi','action']"
1949;tm410435;To All the Boys I've Loved Before;"['romance','comedy','drama']"
1951;tm307283;Cargo;"['drama','thriller','horror','scifi']"
1952;ts82597;The Dragon Prince;"['scifi','animation','action','drama','family','fantasy','thriller']"
1953;ts55962;Dear White People;"['comedy','drama']"
1954;tm244229;Everybody Knows;"['drama','crime','thriller','european']"
1956;ts78452;Requiem;"['drama','animation','fantasy','thriller']"
1957;ts75263;Wormwood;"['crime','drama','documentation','fantasy']"
1958;ts85568;Perfume;"['crime','thriller','drama','documentation','comedy','romance']"
1959;tm357589;The Guernsey Literary & Potato Peel Pie Society;"['romance','drama','history','war']"
1960;tm317542;1922;"['horror','crime','documentation','drama','thriller']"
1962;tm321703;Home Again;"['drama','romance','comedy']"
1963;tm300615;Mudbound;"['drama','war']"
1964;tm244233;The Book of Henry;"['thriller','crime','drama']"
1968;ts81331;She-Ra and the Princesses of Power;"['scifi','action','family','animation','fantasy','comedy','drama']"
1969;ts55798;Stranger;"['drama','thriller','crime','romance','scifi','comedy']"
1970;ts78356;The Rain;"['drama','scifi','thriller']"
1972;tm227940;Berlin Syndrome;"['thriller','horror','drama']"
1973;tm243326;Anon;"['scifi','drama','action','crime','thriller','european']"
1974;ts84280;Rascal Does Not Dream of Bunny Girl Senpai;"['animation','comedy','thriller','fantasy','romance','drama']"
1975;tm244197;Replicas;"['thriller','drama','scifi']"
1976;tm368449;Private Life;"['drama','comedy']"
1979;tm362881;Mirai;"['fantasy','animation','drama','family']"
1982;ts84904;Tidelands;"['scifi','fantasy','crime','drama']"
1983;ts83999;Hilda;"['scifi','family','fantasy','animation','comedy','drama']"
1984;ts57303;Friends from College;"['comedy','drama']"
1985;tm411311;King of Thieves;"['drama','crime','history']"
1986;tm299677;Hold the Dark;"['thriller','horror','action','drama']"
1988;ts82302;Insatiable;"['drama','comedy','thriller']"
1989;tm449070;Black Mirror: Bandersnatch;"['scifi','thriller','fantasy','drama']"
1990;ts85895;Better Than Us;"['scifi','drama']"
1991;ts56511;Cable Girls;"['drama','european']"
1994;tm221953;Bāhubali 2: The Conclusion;"['fantasy','action','drama']"
1995;tm435916;The Perfection;"['thriller','drama','horror','music']"
1996;tm233362;The Discovery;"['thriller','drama','romance','scifi']"
1997;ts79546;MEGALOBOX;"['action','animation','drama','scifi','sport']"
1998;tm362098;The Kindergarten Teacher;"['drama','thriller','european']"
2000;tm433381;Mirage;"['thriller','drama','documentation','fantasy','music','romance','european']"
2004;tm499724;The Delivery Boy;"['thriller','drama']"
2005;ts83455;Wanderlust;['drama']
2010;tm139545;The Outsider;"['crime','thriller','action','drama']"
2012;tm314477;Skins;"['comedy','drama','fantasy','european']"
2015;ts80720;Scissor Seven;"['action','animation','comedy','drama','fantasy','romance']"
2016;ts57439;Damnation;"['western','drama','crime']"
2017;tm317566;Creep 2;"['horror','thriller','crime','drama']"
2018;tm417496;Dumplin';"['comedy','drama']"
2021;tm433228;Red Joan;"['thriller','drama','history','romance']"
2022;tm244325;Mute;"['thriller','drama','scifi']"
2026;tm370212;Adrift;"['thriller','drama','romance','action','european']"
2027;ts58152;Cathedral of the Sea;"['drama','history']"
2029;tm410742;Happy as Lazzaro;"['fantasy','drama','european']"
2031;tm323634;A-X-L;"['scifi','family','thriller','action','drama']"
2032;tm139885;The Other Side of the Wind;"['drama','european']"
2034;tm349278;Ravenous;"['horror','animation','documentation','scifi','thriller','action','drama']"
2038;tm348993;22 July;"['thriller','history','crime','drama','european']"
2040;tm285107;Victoria & Abdul;"['drama','history']"
2043;ts57814;Kakegurui;"['action','animation','drama','thriller']"
2046;ts57424;The Forest;"['crime','thriller','drama','european']"
2047;tm240076;Buster's Mal Heart;"['thriller','drama','crime']"
2049;tm217228;Death Note;"['fantasy','horror','thriller','action','crime','drama']"
2050;ts77474;Mr. Sunshine;"['drama','action','history','romance','war']"
2054;tm298339;Handsome Devil;"['drama','comedy','sport','european']"
2056;tm245176;Sand Castle;"['drama','action','war']"
2057;ts78298;My Mister;"['drama','family']"
2060;ts84335;1983;"['drama','crime','thriller']"
2061;tm351101;Errementari: The Blacksmith and the Devil;"['drama','fantasy','horror','thriller','european']"
2066;ts57947;Unit 42;"['crime','thriller','drama','european']"
2067;ts53936;Innocent;"['drama','crime']"
2069;tm298084;On Body and Soul;"['fantasy','drama','romance']"
2070;tm244148;Mowgli: Legend of the Jungle;"['drama','fantasy']"
2075;ts80523;Aggretsuko;"['animation','music','romance','comedy','drama']"
2076;ts83561;Immortals;"['scifi','action','drama','fantasy','thriller','music']"
2079;tm244317;To the Bone;['drama']
2080;ts78382;On My Block;"['comedy','drama']"
2082;ts41527;Gypsy;"['drama','thriller']"
2085;ts78507;Alexa & Katie;"['comedy','drama']"
2086;tm321295;Woodshock;"['thriller','horror','drama','fantasy']"
2087;tm233294;War Machine;"['drama','comedy','war']"
2088;tm328443;Illang: The Wolf Brigade;"['thriller','drama','action','scifi']"
2090;tm289181;Newness;"['drama','romance']"
2091;ts89538;Bitter Daisies;"['drama','thriller']"
2095;ts57464;Life Sentence;"['drama','comedy']"
2100;ts84243;Baby;['drama']
2103;tm370232;We the Animals;['drama']
2104;ts57080;Spirit: Riding Free;"['action','animation','comedy','drama','family','western','documentation']"
2105;tm439484;Welcome Home;"['thriller','horror','drama']"
2106;tm271960;Midnight Sun;"['drama','romance','european']"
2107;tm349800;Unicorn Store;"['fantasy','comedy','drama']"
2109;tm219258;Brain on Fire;"['drama','european']"
2112;ts81885;The Good Cop;"['comedy','drama','crime','documentation']"
2119;tm368241;Duck Butter;"['drama','comedy','romance']"
2120;ts75749;Because This Is My First Life;"['comedy','drama','romance']"
2123;ts84056;Unauthorized Living;['drama']
2125;ts76417;Tabula Rasa;"['drama','horror','thriller','european']"
2127;ts85968;Nicky Jam: El Ganador;"['drama','music']"
2128;ts85837;SKY Castle;['drama']
2129;ts76313;Sisters;"['drama','comedy']"
2136;tm423373;Andhadhun;"['thriller','music','drama','comedy','crime']"
2137;ts76486;Just Between Lovers;"['drama','romance']"
2140;ts81757;The House of Flowers;"['drama','comedy']"
2142;tm322243;Shimmer Lake;"['thriller','crime','drama']"
2143;ts55491;Somewhere Between;"['crime','drama','scifi','thriller']"
2146;tm300054;Orbiter 9;"['scifi','drama','romance','european']"
2147;tm357479;Day of the Dead: Bloodline;"['horror','drama','scifi','thriller','action','european']"
2148;tm232965;Lovesong;"['romance','drama']"
2149;ts80411;Lawless Lawyer;"['action','crime','drama','thriller']"
2151;tm285356;First They Killed My Father;"['drama','history','war']"
2152;tm368040;The Titan;"['thriller','fantasy','scifi','drama','romance']"
2155;ts75002;Borderliner;"['drama','thriller','crime','history','war','documentation']"
2156;tm285340;Girlfriend's Day;"['drama','comedy']"
2159;tm324870;Dude;"['comedy','drama']"
2160;tm284015;My Happy Family;['drama']
2161;tm326624;Unrest;"['documentation','drama','history','romance','european']"
2164;tm270999;The Resurrection of Gavin Stone;"['drama','family','romance','comedy']"
2165;ts77755;Power Rangers Ninja Steel;"['action','scifi','thriller','drama']"
2167;tm320255;Bad Genius;"['thriller','comedy','crime','drama']"
2171;tm241990;Blame!;"['scifi','thriller','animation','action','drama']"
2173;tm353742;Bullet Head;"['thriller','crime','drama','european']"
2174;ts81414;Meteor Garden;"['comedy','family','drama','romance']"
2175;ts77014;Wolf;"['war','drama','action','thriller']"
2176;ts56993;Fallet;"['drama','comedy','crime','european']"
2177;tm429163;The Photographer of Mauthausen;"['thriller','drama','war','history','european']"
2178;ts81542;The Hollow;"['comedy','scifi','animation','drama','family']"
2179;ts83232;The Mire;"['crime','drama','thriller']"
2180;tm311789;The Most Hated Woman in America;"['drama','history']"
2181;ts82268;GHOUL;"['scifi','drama','fantasy','horror']"
2183;tm359103;River's Edge;"['drama','crime']"
2187;ts83790;The Beauty Inside;"['drama','fantasy','romance']"
2188;ts57811;Fate/Apocrypha;"['action','scifi','animation','drama','fantasy']"
2189;tm407827;Girl;"['drama','european']"
2190;tm348003;Acts of Vengeance;"['thriller','action','drama','crime','european']"
2192;ts83360;The Guest;"['crime','thriller','drama','horror','comedy']"
2195;tm285295;Our Souls at Night;"['drama','romance']"
2198;ts78590;The Mechanism;"['drama','thriller','crime']"
2200;tm244519;Birth of the Dragon;"['drama','action']"
2203;ts85170;Memories of the Alhambra;"['action','scifi','thriller','drama','romance']"
2206;ts83502;Ad Vitam;"['scifi','crime','drama']"
2207;tm344886;The Angel;"['thriller','action','drama']"
2209;tm365122;Benji;"['crime','drama','family']"
2211;tm320670;White Fang;"['animation','drama','western','european']"
2212;ts79157;B: The Beginning;"['scifi','action','drama','thriller','horror','animation','fantasy','crime']"
2214;tm367250;The Resistance Banker;"['drama','war','european']"
2215;ts56718;El Chapo;"['drama','action','history','crime']"
2216;ts80959;Sacred Games;"['action','thriller','crime','drama']"
2219;ts131579;Thieves of the Wood;"['drama','history','action','thriller','comedy','documentation']"
2220;tm425732;The Land of Steady Habits;"['drama','comedy']"
2221;ts85175;Girl from Nowhere;"['drama','fantasy','horror','thriller','crime']"
2223;ts77545;Dope;"['war','crime','documentation','thriller','comedy','drama']"
2225;ts236347;Thus Spoke Kishibe Rohan;"['action','scifi','thriller','animation','drama','fantasy']"
2227;ts78206;Welcome to Waikiki;"['drama','comedy','reality']"
2228;ts84135;The Inmate;"['crime','thriller','drama']"
2229;ts79026;The Innocents;"['drama','scifi','horror','romance','thriller']"
2231;ts56045;Charité;"['drama','history','european']"
2232;tm311995;The Battleship Island;"['action','drama','history']"
2235;ts76603;Erased;"['drama','scifi','thriller','fantasy']"
2237;ts78246;Kiss Me First;"['scifi','thriller','drama']"
2240;ts81583;Life;"['drama','thriller']"
2241;tm319882;Hampstead;"['comedy','romance','drama']"
2242;tm420656;Reprisal;"['action','thriller','crime','drama']"
2243;tm420334;Like Father;"['comedy','drama']"
2245;ts55581;The Bride of Habaek;"['drama','romance','comedy','fantasy']"
2247;tm244521;Catfight;"['comedy','drama','action']"
2250;tm419733;"My Teacher, My Obsession";"['thriller','drama']"
2254;tm296398;Steel Rain;"['thriller','action','drama']"
2255;ts79997;Something in the Rain;"['drama','romance']"
2257;ts75676;The Velvet Collection;"['drama','comedy','romance','european']"
2258;tm365824;Zero;"['comedy','drama','scifi','romance','thriller','fantasy','european']"
2260;tm359150;Nothing to Hide;"['drama','comedy','european']"
2261;ts58297;The Indian Detective;"['comedy','drama','crime']"
2262;ts55939;Bonus Family;"['drama','reality','family','comedy','documentation','music','european']"
2264;tm351931;Patrick;"['comedy','drama','family','romance']"
2265;tm285649;The Ottoman Lieutenant;"['drama','war']"
2266;ts53264;My Shy Boss;"['comedy','drama','romance']"
2268;tm306811;Casting JonBenet;"['crime','documentation','drama']"
2269;ts85822;Selection Day;"['drama','comedy','sport']"
2270;ts80617;The Protector;"['action','scifi','fantasy','drama']"
2273;tm347821;Outside In;['drama']
2274;ts81821;The Queen of Flow;"['drama','family','music']"
2278;tm352774;Voyeur;"['documentation','crime','drama']"
2280;ts84646;Warrior;"['action','drama','crime']"
2282;ts56033;Surviving Escobar - Alias JJ;"['crime','drama']"
2283;ts85515;Bangkok Love Stories 2: Innocence;"['drama','romance']"
2284;ts70631;Children of the Whales;"['scifi','animation','drama','fantasy']"
2286;tm369179;Irreplaceable You;"['drama','comedy','romance']"
2287;ts78291;Dogs of Berlin;"['drama','thriller','action','crime']"
2288;ts57985;Free Rein;"['comedy','drama','family','action','documentation']"
2289;tm307515;Amar;"['romance','drama','european']"
2291;tm219252;Carrie Pilby;"['comedy','drama']"
2292;ts80600;Luis Miguel: The Series;"['drama','romance','history','music']"
2294;ts79182;Cocaine Coast;"['drama','thriller','crime']"
2297;tm434917;I Am Jonas;"['drama','romance','european']"
2299;ts78031;Ultraviolet;"['drama','crime','european']"
2302;ts75286;Greenhouse Academy;['drama']
2304;tm245383;Te Ata;"['drama','history']"
2306;tm374454;Indian Horse;"['drama','sport']"
2311;ts75341;Final Fantasy XIV: Dad of Light;['drama']
2313;tm244368;You Get Me;"['thriller','crime','drama','romance']"
2314;tm266702;The Climb;"['comedy','drama','romance','european']"
2315;ts82565;Sparta;"['drama','thriller']"
2317;ts78789;Re: Mind;"['drama','thriller']"
2320;ts56125;Ingobernable;"['war','crime','drama','thriller']"
2321;ts89130;If I Hadn't Met You;"['scifi','romance','drama','fantasy']"
2322;ts79660;Creeped Out;"['scifi','family','fantasy','horror','thriller','drama']"
2323;tm406831;Modest Heroes;"['fantasy','animation','drama','family','comedy']"
2325;ts80519;Spy Kids: Mission Critical;"['action','romance','thriller','scifi','family','comedy','drama','animation']"
2328;tm305112;The Fortress;"['drama','action','history','war','thriller']"
2329;ts81318;When Heroes Fly;"['action','war','drama']"
2338;ts53399;Eternal Love;"['scifi','drama','fantasy','romance','family']"
2343;tm336712;An Imperfect Murder;"['crime','drama','thriller']"
2346;tm327540;Gnome Alone;"['fantasy','family','drama','comedy','thriller','music','animation']"
2348;ts78353;Misty;"['crime','romance','thriller','drama']"
2350;ts77034;A Love So Beautiful;"['drama','comedy','romance']"
2351;ts86949;The A List;"['drama','crime','thriller']"
2360;ts80208;Fugitiva;"['drama','crime','thriller','action']"
2364;tm362074;And Breathe Normally;"['drama','european']"
2365;tm358666;The Awakening of Motti Wolkenbruch;"['comedy','drama','european']"
2369;tm266705;Giant;"['drama','history','european']"
2370;ts80090;The Piano Forest;"['drama','comedy','animation']"
2371;ts80313;Bobby Kennedy for President;"['documentation','drama']"
2373;tm427293;Solo;"['thriller','drama','romance','sport','european']"
2375;tm405849;Flavors of Youth;"['drama','animation','romance']"
2376;tm326723;The Polka King;"['comedy','drama','music']"
2377;ts84346;Falsa identidad;"['action','thriller','crime','drama']"
2378;tm238377;The Legacy of a Whitetail Deer Hunter;"['comedy','drama']"
2379;tm366820;Come Sunday;['drama']
2380;ts84833;Diablero;"['scifi','drama','fantasy','horror','thriller','family']"
2387;tm405738;Perdida;"['crime','drama','thriller']"
2388;tm371952;Sarkar;"['drama','action']"
2389;ts77405;Bad Guys: Vile City;"['action','animation','comedy','crime','drama']"
2390;ts79679;The Yard;"['drama','crime']"
2393;tm430104;High Society;"['crime','drama']"
2395;ts78053;Kakegurui;"['drama','thriller']"
2401;tm424032;My Masterpiece;"['comedy','drama']"
2404;tm409618;Alex Strangelove;"['drama','comedy','romance']"
2405;tm244274;Lowriders;"['drama','crime']"
2409;ts82298;Familiar Wife;"['scifi','drama','fantasy','romance']"
2411;tm443034;Your Son;"['thriller','drama','action','crime','european']"
2412;tm318641;Justice;"['western','drama','action','european']"
2414;tm314829;NY Prison Break: The Seduction of Joyce Mitchell;"['crime','drama']"
2417;tm420797;Sierra Burgess Is a Loser;"['drama','romance','comedy']"
2419;tm406098;Battle;"['drama','romance','music','european']"
2421;tm359714;Christmas Inheritance;"['romance','comedy','drama']"
2424;ts78913;Live;"['drama','comedy','crime']"
2426;tm413557;Okko's Inn;"['comedy','fantasy','animation','family','drama']"
2432;ts76478;Prison Playbook;"['comedy','drama']"
2434;tm356563;The Stolen;"['western','drama','thriller','action']"
2440;ts82875;Switched;"['drama','scifi']"
2441;tm414676;Paradise Lost;"['drama','music','documentation']"
2444;tm426569;A Twelve-Year Night;"['drama','crime','history','european']"
2448;ts83814;Undercover Law;"['drama','action']"
2449;tm286532;Rock my Heart;"['drama','european']"
2450;ts36650;Apaches;"['drama','crime','thriller','action','european']"
2453;ts84780;Wild District;"['drama','thriller','action','crime']"
2454;tm375729;Us and Them;"['romance','drama']"
2455;ts75012;Million Yen Women;"['drama','comedy']"
2456;ts82296;My ID is Gangnam Beauty;"['drama','comedy','romance']"
2459;ts83359;100 Days My Prince;"['drama','thriller','comedy','history','romance','action']"
2461;tm358949;A Very Country Christmas;"['romance','drama','family','comedy']"
2464;tm428073;When Angels Sleep;"['thriller','drama','horror','fantasy','action','crime','european']"
2470;tm417317;Bhavesh Joshi Superhero;"['drama','action','crime']"
2472;tm407295;Amateur;"['drama','sport']"
2474;tm282910;Fireworks;"['drama','documentation','fantasy','romance','scifi','family','animation']"
2475;ts53516;Edgar Rice Burroughs' Tarzan and Jane;"['action','scifi','animation','comedy','drama','family']"
2478;tm419496;Lust Stories;"['romance','drama']"
2479;tm344173;All I Wish;"['comedy','drama','romance']"
2483;tm294581;The Clapper;"['comedy','drama']"
2486;ts82398;My Dead Ex;"['drama','scifi','comedy']"
2491;ts58442;Live Up To Your Name;"['drama','fantasy','romance']"
2493;tm232464;Raees;"['thriller','drama','action','crime']"
2496;tm413049;Animal World;"['thriller','action','fantasy','scifi','comedy','drama']"
2498;tm311193;Seeking a Man;"['comedy','drama','romance']"
2499;tm307761;Toilet: A Love Story;"['comedy','drama','romance']"
2501;tm371959;6 Balloons;['drama']
2502;tm320206;#realityhigh;"['comedy','drama','romance']"
2506;tm301024;Wedding Unplanned;"['comedy','romance','drama','european']"
2508;ts80410;Kantaro: The Sweet Tooth Salaryman;"['comedy','drama']"
2512;tm418870;Close Enemies;"['drama','thriller','european']"
2514;tm370447;The Tree of Blood;"['drama','european']"
2516;tm429382;Nappily Ever After;"['comedy','drama','romance']"
2519;ts80084;Dragon Pilot: Hisone and Masotan;"['scifi','drama','animation','fantasy']"
2522;ts77467;Terrace House: Opening New Doors;"['reality','drama']"
2523;tm366143;Maktub;"['drama','comedy']"
2524;tm432838;Black Is Beltza;"['thriller','animation','drama']"
2526;tm313712;Mom;"['crime','thriller','drama']"
2527;ts80042;ReBoot: The Guardian Code;"['action','scifi','comedy','drama']"
2528;tm244287;Half Girlfriend;"['romance','drama']"
2530;ts75620;Black;"['scifi','drama','action','thriller','horror','romance','crime','fantasy']"
2531;tm299764;The Motive;"['drama','thriller','comedy','crime','european']"
2532;tm407775;Lady J;"['romance','drama','european']"
2533;tm334949;Right Here Right Now;"['drama','music','comedy','european']"
2534;tm409942;Shéhérazade;"['thriller','drama','romance','european']"
2535;tm238587;Shepherds and Butchers;"['drama','crime']"
2537;tm413955;A Fortunate Man;"['drama','romance','european']"
2541;tm409817;Sir;"['romance','drama','european']"
2542;tm307776;Secret Superstar;"['drama','music']"
2546;tm270987;Sahara;"['comedy','family','romance','animation','drama','european']"
2549;tm366019;BuyBust;"['thriller','action','drama','crime']"
2552;tm321627;Ali's Wedding;"['comedy','drama','romance']"
2554;tm368441;Aapla Manus;"['thriller','drama']"
2555;tm244292;Bibi & Tina: Perfect Pandemonium;"['fantasy','drama','family','comedy','european']"
2557;ts85236;Castle and Castle;['drama']
2558;tm368310;Retablo;['drama']
2563;tm405901;Family Blood;"['horror','thriller','drama']"
2566;ts89067;Love and Fortune;"['drama','romance']"
2570;ts84799;Victim Number 8;"['drama','crime','fantasy','action','thriller']"
2571;ts83213;The Rise of Phoenixes;"['drama','history','romance']"
2572;tm415875;Break;"['drama','comedy','european']"
2574;ts57291;Unrequited Love;['drama']
2575;tm372305;First Match;"['drama','sport']"
2576;tm515157;Point Blank;"['action','thriller','crime','drama']"
2577;tm376234;The Warning;"['fantasy','thriller','action','horror','crime','drama','european']"
2578;tm441198;The Princess Switch;"['romance','comedy','drama','family']"
2579;tm366590;Sanju;"['drama','comedy']"
2582;tm366972;The Drug King;"['crime','drama','action']"
2583;tm411288;Nigerian Prince;"['thriller','crime','drama']"
2584;tm244321;Sun Dogs;"['drama','fantasy','comedy']"
2587;tm359975;The Chase;"['thriller','crime','drama']"
2589;tm444469;Eerie;"['horror','thriller','crime','drama']"
2590;ts85810;Al Hayba;"['action','thriller','crime','romance','drama']"
2591;ts85276;Hymn of Death;"['drama','history','music','romance']"
2592;tm374357;Going for Gold;"['drama','family','sport']"
2600;ts83489;Blood Pact;"['drama','crime']"
2602;ts79988;Lost Song;"['scifi','action','animation','drama','fantasy','music','romance']"
2607;tm242108;Little Boxes;"['drama','comedy']"
2608;ts82419;Zac & Mia;['drama']
2613;tm365961;Mustang Island;"['comedy','drama']"
2616;ts80479;Clean with Passion for Now;"['comedy','drama','romance']"
2617;tm375962;Nothing to Lose;['drama']
2619;ts90869;Love Daily;"['drama','romance']"
2620;tm299381;Uncertain Glory;"['drama','european']"
2623;tm138667;Taramani;"['drama','romance']"
2625;tm363922;Dovlatov;['drama']
2626;tm349273;Hot Sweet Sour;"['romance','drama']"
2629;tm347850;SPF-18;"['romance','drama','sport']"
2630;ts224746;Millennials;['drama']
2635;tm346939;Alaska Is a Drag;['drama']
2636;tm244196;Rangoon;"['war','history','drama','romance','action']"
2637;tm438995;A Christmas Prince: The Royal Wedding;"['romance','drama']"
2642;tm242765;Raising the Bar;"['drama','family','documentation','sport']"
2644;tm307751;Jab Harry Met Sejal;"['romance','comedy','drama']"
2645;tm273600;Kuroko's Basketball the Movie: Last Game;"['animation','drama','sport']"
2646;ts81596;Black Crows;"['war','drama','thriller']"
2647;tm464542;Tottaa Pataaka Item Maal;['drama']
2648;tm445456;Pihu;"['thriller','drama','family']"
2649;tm481188;Isoken;"['romance','drama','comedy']"
2657;tm348392;The Last Shaman;"['documentation','drama','family','european']"
2660;tm416620;Quién te cantará;"['thriller','drama','music','european']"
2662;ts82445;Ashes of Love;"['drama','comedy','thriller','fantasy','romance']"
2670;tm359658;The 3rd Eye;"['horror','thriller','animation','drama','fantasy','european']"
2671;tm311898;Small Crimes;"['crime','drama','thriller']"
2672;tm421748;Ee Nagaraniki Emaindi;"['drama','comedy']"
2673;tm429174;Gun City;"['drama','history','thriller','action','crime','european']"
2674;ts83045;Accidentally In Love;"['comedy','drama','music','romance']"
2679;tm279585;Deidra & Laney Rob a Train;"['drama','comedy','crime']"
2683;tm326704;Parmanu: The Story of Pokhran;"['drama','history','action']"
2685;tm327652;"Roxanne, Roxanne";"['drama','music']"
2686;tm321628;Rip Tide;"['drama','family','action','thriller']"
2688;tm416458;The Insomnia Club;"['comedy','drama']"
2690;ts79086;Mariposa de barrio;['drama']
2698;tm439854;Baazaar;"['drama','crime','thriller']"
2699;tm299396;Getaway Plan;"['thriller','crime','drama','action','european']"
2705;tm353247;Qarib Qarib Singlle;"['drama','romance','comedy']"
2706;tm426983;Joy;"['drama','european']"
2707;ts82323;On Children;"['drama','family','scifi']"
2708;tm355941;Zoo;['drama']
2709;tm411313;Forgive Us Our Debts;"['drama','european']"
2713;tm307843;Angamaly Diaries;"['action','drama','comedy','thriller']"
2716;tm376903;Dry Martina;"['drama','comedy']"
2717;tm358609;Sara's Notebook;"['thriller','drama','european']"
2720;tm233360;Sand Storm;['drama']
2721;tm319310;CIA: Comrade In America;"['romance','drama','action']"
2722;tm283559;The Art of Loving: Story of Michalina Wislocka;"['drama','comedy','romance','european']"
2724;tm233345;Love Beats Rhymes;['drama']
2725;tm283322;Burning Sands;"['drama','thriller','action']"
2728;tm429186;Up Among the Stars;"['drama','european']"
2732;tm538868;III Smoking Barrels;['drama']
2735;tm409456;Manto;['drama']
2736;tm372662;The Skin of the Wolf;"['romance','thriller','action','drama','european']"
2739;tm372486;All Good;"['drama','comedy','european']"
2742;tm348467;Invisible;['drama']
2745;tm414447;Dear Ex;"['drama','comedy','romance']"
2747;tm413418;Cycle;"['drama','comedy','animation']"
2749;tm445255;Qismat;"['romance','drama']"
2750;tm367264;Milada;"['drama','history','european']"
2752;tm351720;The Most Assassinated Woman in the World;"['thriller','drama','european']"
2754;tm350116;B. A. Pass 2;['drama']
2757;tm314939;Kalushi : The Story of Solomon Mahlangu;"['drama','thriller']"
2762;tm426117;On My Skin;"['drama','european']"
2766;ts83820;The Judgement;"['drama','crime']"
2768;ts55484;My Only Love Song;"['drama','comedy','fantasy','romance']"
2779;tm362264;The Gift;['drama']
2780;tm412489;Dear Son;['drama']
2787;tm446424;Christmas with a Prince;"['romance','drama']"
2789;tm424898;Bayonet;['drama']
2790;tm316658;Frat Star;"['drama','comedy']"
2792;tm349656;A Sort of Family;"['drama','thriller','crime','european']"
2793;tm372061;Sudani from Nigeria;"['comedy','drama','family','sport']"
2795;tm350971;The Last Hour;"['drama','thriller','history']"
2796;tm445153;Njan Prakashan;"['comedy','drama']"
2799;tm438994;The Holiday Calendar;"['romance','comedy','drama','fantasy']"
2800;tm428453;Cities of Last Things;"['crime','drama','scifi']"
2805;ts83429;Take My Brother Away;"['comedy','drama','family']"
2806;ts83663;A Taiwanese Tale of Two Cities;['drama']
2808;ts82564;Jimmy: The True Story of a True Idiot;"['drama','comedy']"
2810;tm440946;Christmas with a View;"['romance','drama']"
2811;ts83430;Smoking;"['drama','crime','comedy']"
2814;tm432327;C/o Kancharapalem;['drama']
2815;tm356684;Animas;"['drama','horror','thriller','animation','european']"
2816;tm275437;Coin Heist;"['crime','thriller','drama','romance']"
2817;ts80859;Here to Heart;"['drama','romance']"
2819;tm431928;Rajma Chawal;"['comedy','drama','family']"
2826;tm362121;Time Share;"['drama','horror','thriller','european']"
2827;tm320144;The Wishing Tree;"['fantasy','drama']"
2828;ts84330;Oh My Ghost;"['drama','comedy']"
2829;ts79707;Edha;['drama']
2831;tm434883;Been So Long;"['romance','drama']"
2832;ts93947;Wrong Kind of Black;"['comedy','drama']"
2838;tm316923;Kartini: Princess of Java;"['drama','family','history','european']"
2845;tm326773;Sunday's Illness;"['drama','european']"
2849;ts84167;Age of Rebellion;"['drama','romance','crime']"
2850;tm309115;Naam Shabana;"['thriller','action','drama']"
2851;tm436266;Born Racer;"['drama','action','documentation']"
2853;tm416341;HiGH&LOW The Movie 3: Final Mission;"['drama','action']"
2855;tm451171;Sylvia;"['thriller','drama','romance']"
2856;tm435487;Suzzanna: Buried Alive;"['horror','comedy','drama','thriller']"
2862;tm353875;All the Reasons to Forget;"['comedy','drama']"
2863;tm313472;The Lost Brother;"['thriller','crime','drama','european']"
2865;ts77219;Part-Time Idol;"['drama','family','music','comedy']"
2866;tm444043;Hometown Holiday;"['drama','romance','comedy']"
2867;tm374656;Zion;"['documentation','drama']"
2869;tm317274;Can't Help Falling in Love;"['romance','comedy','drama']"
2874;tm369433;Awe!;"['drama','romance','thriller','fantasy','horror','scifi']"
2875;tm313424;Pad Man;"['comedy','drama']"
2877;tm328052;Sparring;"['drama','sport','european']"
2878;ts75320;A Boy Named Flora A;"['drama','comedy']"
2881;tm851055;God Calling;['drama']
2883;tm336227;Catching Feelings;"['romance','comedy','drama']"
2884;ts57913;Strongest Deliveryman;"['drama','romance']"
2886;tm415245;Crossroads: One Two Jaga;"['drama','crime']"
2889;tm430090;The Last Runaway;"['crime','action','drama']"
2890;tm360945;Soorma;"['drama','sport']"
2892;ts82887;The Could've-Gone-All-the-Way Committee;"['comedy','drama']"
2894;tm345767;The Maus;"['horror','fantasy','drama','european']"
2897;tm319512;The Girl From the Song;"['drama','music','romance','european']"
2904;tm449860;King of Boys;"['drama','crime']"
2905;ts77011;The Many Faces of Ito;"['drama','comedy','romance']"
2906;tm314677;Silence Is Welcome;['drama']
2908;tm415938;No One Will Ever Know;['drama']
2911;tm444907;Lovefucked;['drama']
2914;tm819641;Match;['drama']
2915;tm326089;Mubarakan;"['drama','comedy','romance']"
2916;tm431760;Paskal;"['action','drama']"
2920;tm409376;Pickpockets;"['drama','thriller','crime']"
2921;tm436171;El Potro: lo mejor del amor;"['drama','music']"
2922;tm430748;Neevevaro;"['thriller','action','drama','romance']"
2924;ts81632;A House of Blocks;"['horror','drama']"
2930;tm431275;Gunshot;"['drama','thriller','crime','documentation','european']"
2940;tm435333;DTC –Yukemuri Junjo Hen– from HiGH&LOW;"['comedy','drama']"
2946;tm443537;Ani... Dr. Kashinath Ghanekar;['drama']
2948;tm364417;Fanatyk;"['drama','comedy']"
2949;tm368350;Jonaki;"['fantasy','drama','european']"
2953;ts87591;Justice: Qalb Al Adala;"['drama','crime']"
2954;tm431081;Lionheart;"['drama','comedy']"
2955;tm420800;"To Each, Her Own";"['romance','comedy','drama','european']"
2958;ts75138;Argon;['drama']
2960;tm348191;Love You to the Stars and Back;"['drama','comedy','romance']"
2964;tm469399;Music Teacher;"['drama','romance']"
2967;ts81857;Club de Cuervos Presents: The Ballad of Hugo Sánchez;"['comedy','drama']"
2969;tm430059;The Hows of Us;"['drama','comedy','romance']"
2974;tm244473;Blessed Benefit;"['comedy','drama','european']"
2977;tm464947;Chief Daddy;"['comedy','drama']"
2978;tm442354;Adhugo;['drama']
2979;tm439678;Solo el amor;"['romance','drama','music','comedy']"
2983;tm197806;For Here or to Go?;"['drama','comedy']"
2985;ts86302;Check The Store Next Door;"['comedy','drama']"
2987;tm344562;Listen;"['drama','romance']"
2988;tm363878;Aiyaary;"['thriller','action','drama']"
2990;tm426238;Pulang;"['drama','romance','action']"
2992;tm518107;Alter Ego;['drama']
2995;tm323602;The Price of Success;"['drama','comedy','european']"
2997;tm351181;Turkish Dance School;"['drama','comedy']"
2999;tm374395;Vanjagar Ulagam;"['thriller','action','crime','drama']"
3000;tm360763;Verses of Love 2;"['drama','romance']"
3007;tm369315;Garbage;"['thriller','drama']"
3008;tm408781;Teefa in Trouble;"['drama','comedy','crime','romance','action']"
3016;ts56251;ID-0;"['scifi','animation','action','drama']"
3026;tm447261;Free Rein: The Twelve Neighs of Christmas;"['comedy','drama','family']"
3027;tm307698;My Ex & Whys;"['romance','drama']"
3028;tm244277;Pa Paandi;"['comedy','action','romance','family','drama']"
3030;tm814861;Noblemen;['drama']
3031;tm352642;Bonboné;"['comedy','drama']"
3037;tm353791;Seven Sundays;"['drama','comedy']"
3041;ts55735;The Perfect Match;"['comedy','drama']"
3043;tm364769;Pahuna: The Little Visitors;['drama']
3045;tm411508;Mahi NRI;"['comedy','drama']"
3046;tm319477;Rodney King;"['crime','comedy','drama','history','documentation']"
3047;tm433215;Exes Baggage;"['drama','romance']"
3048;tm456983;Mauli;"['drama','action']"
3053;tm404569;Shubh Aarambh;"['comedy','drama','family']"
3055;tm321563;A Drowning Man;['drama']
3059;ts54112;Life Plan A and B;['drama']
3060;tm411649;Thug Life;"['comedy','drama']"
3061;tm350945;Posesif;"['drama','comedy','romance']"
3062;tm244310;Merku Thodarchi Malai;['drama']
3066;tm328041;Doob;['drama']
3069;tm358370;Love and Shukla;"['romance','comedy','drama']"
3071;tm289882;Birdshot;"['thriller','drama']"
3075;tm438005;First Love;"['drama','romance']"
3081;tm478147;The Lost Café;"['drama','comedy']"
3084;tm459527;Good Game: The Beginning;"['comedy','drama','sport']"
3086;tm450512;Pinky Memsaab;"['drama','family']"
3087;tm403197;Heaven Without People;['drama']
3090;tm440208;Hadithi za Kumekucha: Fatuma;['drama']
3091;tm336084;Echcharikkai;"['thriller','crime','drama']"
3092;tm450769;Nathicharami;['drama']
3093;tm362737;Facing Mecca;['drama']
3094;tm480647;Ayana;"['drama','documentation']"
3095;tm479734;Table Manners;"['comedy','drama']"
3102;tm348281;Kingdom of Us;"['documentation','drama']"
3103;tm423593;Aruna & Her Palate;"['romance','drama']"
3104;tm438105;Into the Wind;"['drama','european']"
3105;tm471288;Baby Mamas;"['drama','comedy']"
3112;tm494577;Oga Bolaji;['drama']
3114;tm479933;Project Papa;['drama']
3116;tm371188;#FriendButMarried;"['romance','comedy','drama']"
3120;tm430281;Dhh;"['drama','family']"
3121;tm445852;Three Words to Forever;"['drama','romance','comedy','family']"
3122;tm512751;In Line;['drama']
3125;tm452767;Next Enti?;"['drama','romance','comedy']"
3133;ts58061;Memories of Love;"['drama','romance']"
3134;tm834886;Wedy Atkalam;"['drama','comedy']"
3135;tm309251;Kanavu Variyam;"['scifi','family','drama']"
3138;tm438423;For the Broken Hearted;['drama']
3139;tm325650;King of Peking;"['comedy','drama']"
3141;tm478967;Until Midnight;"['drama','thriller']"
3148;tm422510;Al-Khawaga's Dilemma;['drama']
3149;tm362878;Dilan 1990;"['romance','drama']"
3150;tm449262;Ascharya Fuck It;"['thriller','drama','romance']"
3153;tm426994;Brij Mohan Amar Rahe!;"['comedy','drama','crime']"
3156;tm858471;The Bridge;"['romance','drama']"
3158;tm493814;Satria Heroes: Revenge of the Darkness;"['drama','fantasy','scifi','action']"
3159;tm491499;Fan of Amoory;['drama']
3160;tm481189;Bogda;['drama']
3161;tm433087;Rise: Ini Kalilah;['drama']
3162;ts84341;What She Put on the Table;['drama']
3164;tm421125;The Suit;"['comedy','family','action','drama']"
3170;tm460198;Catch.er;"['crime','drama']"
3172;tm458186;Komola Rocket;['drama']
3173;tm478701;Lara and the Beat;"['drama','music','romance']"
3175;tm426260;Si Doel the Movie;"['drama','comedy','romance']"
3176;tm1146751;Bahasha;['drama']
3178;ts86497;Russian Doll;"['drama','comedy']"
3180;ts216679;Bridgerton;"['drama','romance']"
3182;ts82915;Sex Education;"['drama','comedy']"
3183;ts81007;After Life;"['comedy','drama']"
3184;ts88361;"Love, Death & Robots";"['scifi','thriller','fantasy','horror','animation','action','drama','comedy']"
3185;ts76645;The Umbrella Academy;"['comedy','drama','fantasy','scifi','action']"
3186;ts57327;The Witcher;"['scifi','action','drama','fantasy','horror']"
3187;tm681578;The Rental;"['thriller','drama','horror']"
3188;tm366227;Uncut Gems;"['drama','thriller','comedy','crime']"
3191;tm832345;365 Days;"['romance','drama','european']"
3192;ts89259;The Queen's Gambit;"['drama','sport']"
3194;ts82914;Dead to Me;"['drama','crime','comedy']"
3197;ts224901;The Stranger;"['crime','thriller','drama']"
3198;ts84146;Emily in Paris;"['drama','comedy','romance']"
3199;ts221904;Unbelievable;"['drama','crime']"
3200;ts82361;ULTRAMAN;"['scifi','action','drama','fantasy','animation']"
3202;ts89840;Virgin River;"['drama','romance']"
3203;ts235655;Outer Banks;"['action','drama','romance','thriller','crime']"
3204;ts87953;Locke & Key;"['scifi','thriller','drama','fantasy','horror']"
3207;tm427335;Freaks;"['scifi','thriller','drama']"
3208;tm417392;The King;"['drama','history','romance','war']"
3209;ts252505;Are You Afraid of the Dark?;"['thriller','horror','family','drama','fantasy']"
3210;tm369594;I'm Thinking of Ending Things;"['thriller','fantasy','drama']"
3211;ts87248;In the Dark;"['comedy','drama','crime','horror','action']"
3212;ts103702;Young Wallander;"['crime','drama','thriller']"
3213;tm368699;The Devil All the Time;"['drama','thriller','crime','horror']"
3216;tm244149;The Irishman;"['drama','crime','history','thriller']"
3217;tm827638;Synchronic;"['horror','scifi','thriller','drama']"
3218;tm849022;Hillbilly Elegy;['drama']
3219;ts225651;Feel Good;"['drama','comedy','romance']"
3220;ts221016;Top Boy;['drama']
3221;tm431321;21 Bridges;"['action','drama','crime','thriller']"
3223;tm403709;Marriage Story;"['drama','romance','comedy']"
3224;tm840196;The Trial of the Chicago 7;"['drama','history','thriller']"
3225;ts287836;Into the Night;"['scifi','drama','thriller']"
3226;ts284800;Criminal: UK;"['drama','thriller','crime']"
3227;ts235758;Never Have I Ever;"['drama','comedy']"
3229;tm827648;El Camino: A Breaking Bad Movie;"['thriller','drama','crime','action']"
3231;ts242210;The Cursed;"['scifi','drama','fantasy','thriller']"
3233;tm453862;The Call;"['thriller','scifi','drama','crime','horror']"
3234;ts237107;Sweet Magnolias;"['drama','romance']"
3236;ts219660;Alice in Borderland;"['action','drama','scifi','thriller','fantasy']"
3237;ts95997;Raising Dion;"['scifi','drama']"
3238;tm943790;Summerland;"['romance','drama','war']"
3239;ts55762;Kingdom;"['action','thriller','drama','scifi','horror','history']"
3240;tm847085;The Social Dilemma;"['drama','documentation']"
3241;ts89564;Black Summer;"['scifi','action','drama','horror','thriller']"
3243;ts84633;The Promised Neverland;"['scifi','action','thriller','drama','fantasy','horror','animation']"
3244;ts88379;Dracula;"['action','drama','fantasy','horror','thriller']"
3245;tm821789;Mank;"['comedy','drama']"
3247;tm834851;I Care a Lot;"['comedy','crime','drama','thriller']"
3248;tm845489;His House;"['drama','thriller','horror']"
3249;ts57213;The Dark Crystal: Age of Resistance;"['scifi','drama','animation','fantasy','family','horror','action']"
3250;ts82913;When They See Us;"['drama','history','crime']"
3252;ts80709;Another Life;"['scifi','thriller','drama']"
3253;ts222439;Crash Landing on You;['drama']
3254;ts83082;Living with Yourself;"['drama','comedy','scifi']"
3257;ts113842;Giri/Haji;"['thriller','crime','drama']"
3259;tm818266;The Forgotten Battle;"['drama','war','history','documentation','european']"
3261;tm911973;Enola Holmes;"['crime','drama','action']"
3263;ts105825;The Valhalla Murders;"['thriller','crime','drama','scifi']"
3264;tm244207;Triple Frontier;"['thriller','action','crime','drama']"
3265;tm372066;Fast Color;"['thriller','drama','scifi']"
3266;tm832916;The Midnight Sky;"['drama','scifi','thriller','fantasy']"
3267;tm239927;Official Secrets;"['thriller','crime','drama','war','romance']"
3268;ts90448;The Hateful Eight: Extended Version;"['western','crime','thriller','drama']"
3269;ts246072;Barbarians;"['action','drama','history']"
3270;tm428856;I Am Mother;"['scifi','thriller','horror','drama']"
3271;ts219101;Marianne;"['thriller','drama','horror']"
3272;ts221200;The Haunting of Bly Manor;"['drama','scifi','thriller','horror']"
3273;ts83555;"Roswell, New Mexico";"['scifi','drama','romance']"
3275;ts88577;Hollywood;"['drama','history']"
3277;tm916405;The Outpost;"['drama','action','history','war']"
3278;ts84661;Cursed;"['scifi','action','drama','fantasy']"
3279;tm496322;Extraction;"['thriller','crime','drama','action']"
3280;ts105047;To the Lake;"['scifi','thriller','drama']"
3282;ts107724;The Defeated;"['drama','thriller']"
3285;tm444017;"Extremely Wicked, Shockingly Evil and Vile";"['crime','drama','thriller']"
3286;ts103133;I Am Not Okay with This;"['comedy','drama','fantasy','scifi']"
3288;tm820190;#Alive;"['thriller','horror','action','drama']"
3289;ts225522;Unorthodox;['drama']
3290;tm943774;The Old Ways;"['fantasy','thriller','drama','horror']"
3291;tm470240;The Half of It;"['comedy','romance','drama']"
3292;tm426428;After;"['drama','romance']"
3293;tm458585;Dolemite Is My Name;"['comedy','drama']"
3294;ts89210;Warrior Nun;"['scifi','action','drama','fantasy']"
3295;ts104401;Ragnarok;"['action','drama','fantasy','thriller','scifi']"
3296;ts83657;The Order;"['scifi','horror','drama','fantasy','crime','thriller']"
3297;tm319470;The Professor and the Madman;"['thriller','drama','history','european']"
3299;tm919961;Pieces of a Woman;['drama']
3301;tm1121246;Code 8;"['scifi','thriller','action','crime','drama']"
3304;ts90729;Away;"['scifi','drama','romance']"
3307;tm417416;Five Feet Apart;"['romance','drama']"
3309;ts103329;Ghost in the Shell: SAC_2045;"['scifi','animation','action','thriller','crime','drama']"
3311;tm927037;The Water Man;"['action','drama','family','fantasy','thriller']"
3312;tm443615;Rebecca;"['thriller','romance','drama']"
3313;ts84663;The Politician;"['comedy','drama']"
3314;ts86165;The Society;"['scifi','thriller','drama']"
3315;ts215683;The Untamed;"['action','comedy','romance','drama','fantasy','horror']"
3319;tm843444;Da 5 Bloods;"['war','drama']"
3322;ts129445;The Spy;"['drama','history']"
3324;ts84993;Daybreak;"['scifi','drama','fantasy','horror','thriller','comedy','action']"
3325;tm420826;The Highwaymen;"['thriller','crime','drama']"
3326;tm919864;The Disciple;"['drama','music']"
3328;tm455636;The Dirt;"['drama','music','comedy']"
3329;ts237499;The Woods;['drama']
3330;tm983787;Ava;"['drama','thriller','action','crime']"
3331;ts249891;The Comey Rule;"['war','drama']"
3332;ts286390;Merli: Dare to Know;"['drama','comedy']"
3335;tm850404;The Night Clerk;"['thriller','crime','drama','romance']"
3336;tm821143;Ma Rainey's Black Bottom;"['music','drama']"
3337;ts82912;Ratched;"['crime','drama','thriller']"
3338;tm449105;Polar;"['action','crime','drama','thriller','european']"
3339;ts89014;DC Super Hero Girls;"['scifi','comedy','family','fantasy','drama','animation','action']"
3340;tm460124;"Yes, God, Yes";"['comedy','drama']"
3341;tm678022;The Prom;"['comedy','drama','music']"
3342;ts250801;Dark Desire;"['drama','thriller']"
3343;ts281928;Unsolved Mysteries;"['documentation','drama','thriller','crime']"
3345;ts225867;The English Game;['drama']
3348;tm417055;Radium Girls;"['drama','history']"
3349;tm456156;Sweetheart;"['horror','thriller','scifi','drama','fantasy']"
3350;ts83491;WHAT / IF;"['drama','thriller']"
3354;tm428557;The Laundromat;"['drama','comedy','crime','history']"
3355;ts223404;It's Okay to Not Be Okay;"['drama','comedy','romance']"
3356;ts93054;Trinkets;"['comedy','crime','drama']"
3358;tm435520;The Two Popes;"['drama','comedy','history']"
3359;ts82851;Messiah;"['drama','thriller']"
3360;ts216522;BEASTARS;"['drama','romance','thriller','animation','crime','fantasy']"
3362;ts88469;Undercover;"['drama','crime','thriller']"
3363;tm285317;IO;"['scifi','romance','drama']"
3364;tm443179;All the Bright Places;"['drama','romance']"
3366;ts90019;Bonding;"['comedy','drama']"
3368;tm857430;The Occupant;"['thriller','european','drama']"
3370;ts88283;Wu Assassins;"['scifi','action','crime','drama','fantasy']"
3374;tm414341;The Red Sea Diving Resort;"['thriller','drama','history']"
3375;ts88485;Green Eggs and Ham;"['action','family','fantasy','drama','animation','comedy','romance']"
3378;ts90937;Stateless;['drama']
3379;tm423666;The Wandering Earth;"['scifi','drama','action','thriller']"
3380;ts219080;Caliphate;"['war','crime','drama','thriller']"
3382;tm458553;Wine Country;"['comedy','drama']"
3386;tm361998;The Wolf's Call;"['thriller','war','drama','action','scifi','european']"
3387;tm418847;The Silence;"['horror','thriller','fantasy','drama','scifi','comedy','european']"
3388;ts226468;Summertime;"['drama','romance']"
3389;ts86908;L.A.'s Finest;"['drama','crime','thriller','action','comedy']"
3390;ts222835;Holiday Secrets;['drama']
3395;ts255926;Dash & Lily;"['comedy','drama','romance']"
3397;tm469193;Atlantics;"['fantasy','drama','romance']"
3399;ts223344;The Gift;"['scifi','drama','fantasy']"
3400;tm449195;The Boy Who Harnessed the Wind;"['drama','history']"
3401;tm307133;We Have Always Lived in the Castle;"['thriller','drama']"
3402;tm498803;Spenser Confidential;"['thriller','comedy','crime','action','drama']"
3404;ts93611;October Faction;"['drama','fantasy','horror','scifi']"
3405;ts255104;Deaf U;"['reality','drama']"
3407;tm458467;Girl on the Third Floor;"['thriller','drama','horror']"
3410;tm817709;Rocks;['drama']
3411;ts243036;Selena: The Series;"['drama','music']"
3412;ts106536;White Lines;"['thriller','crime','drama']"
3414;tm315255;Ip Man 4: The Finale;"['drama','history','action']"
3415;tm361746;Ophelia;"['drama','history','romance','thriller','war']"
3416;tm813695;After We Collided;"['romance','drama']"
3418;ts225101;Start-Up;"['drama','comedy','romance']"
3420;tm413660;In the Tall Grass;"['drama','thriller','horror','scifi']"
3421;ts89282;Toy Boy;"['crime','action','drama','thriller']"
3423;tm845484;Dick Johnson Is Dead;"['documentation','drama']"
3425;tm443154;Rust Creek;"['thriller','crime','drama','horror']"
3427;tm863280;Showtime 1958;['drama']
3428;ts116814;The Twelve;"['thriller','drama']"
3430;tm355783;Eli;"['horror','thriller','drama']"
3431;tm469991;I Lost My Body;"['fantasy','drama','animation','romance','european']"
3434;ts215691;Teenage Bounty Hunters;"['action','drama','crime','comedy']"
3436;ts306090;GREAT PRETENDER;"['action','comedy','crime','drama','animation']"
3437;tm471878;Fatima;"['drama','war']"
3438;tm459742;Sword of Trust;"['comedy','drama']"
3439;ts88699;Northern Rescue;"['drama','family']"
3442;tm464351;The Last Thing He Wanted;"['drama','thriller','crime']"
3446;tm426638;Vita & Virginia;"['drama','romance','european']"
3450;ts88296;Ares;"['thriller','drama','horror']"
3451;tm845549;The Reason I Jump;"['documentation','drama']"
3452;tm460829;Children of the Sea;"['thriller','animation','fantasy','scifi','drama','family']"
3454;tm845512;Horse Girl;['drama']
3457;ts236501;Valeria;"['drama','comedy','romance']"
3459;tm918734;Concrete Cowboy;"['western','drama']"
3462;ts89251;Tales of the City;['drama']
3463;tm437221;Charlie Says;"['crime','drama','documentation']"
3466;tm817504;1BR;"['horror','thriller','drama']"
3468;ts225718;La Révolution;"['drama','fantasy','thriller','action']"
3470;tm858954;Nobody Sleeps in the Woods Tonight;"['thriller','drama','fantasy','horror','romance','european']"
3472;tm828069;Calm with Horses;"['drama','crime']"
3473;tm852097;A Whisker Away;"['fantasy','drama','family','romance','animation']"
3474;tm471967;Lost Girls;"['thriller','crime','drama']"
3475;tm974366;We Can Be Heroes;"['fantasy','comedy','family','action','drama']"
3476;ts215178;Grand Army;['drama']
3477;tm828317;Tell Me Who I Am;"['thriller','drama','documentation']"
3478;tm432022;Violet Evergarden: The Movie;"['fantasy','romance','animation','drama']"
3479;ts93066;The I-Land;"['drama','scifi','reality']"
3481;ts104840;Skylines;"['drama','music','crime','documentation','reality']"
3482;tm455568;Paddleton;"['drama','comedy']"
3487;ts81646;Chambers;"['drama','thriller','fantasy','horror']"
3492;ts92547;Rise of Empires: Ottoman;"['documentation','drama','history','war','action']"
3493;ts113506;The Last Czars;"['documentation','drama','history','romance','war']"
3494;tm898474;The Swarm;"['horror','drama','fantasy','european']"
3495;tm935895;The Life Ahead;"['drama','european']"
3496;ts87471;Darwin's Game;"['scifi','action','drama','animation']"
3497;ts89744;How to Sell Drugs Online (Fast);"['drama','comedy','crime','romance']"
3498;tm447159;The Kindness of Strangers;"['drama','european']"
3500;ts225912;Biohackers;"['scifi','thriller','drama']"
3502;tm676311;Sightless;"['drama','thriller','horror']"
3503;tm847430;Words Bubble Up Like Soda Pop;['drama']
3506;ts190462;Gentefied;"['comedy','drama']"
3507;ts187541;Hotel Del Luna;"['action','comedy','drama','fantasy','horror','romance','scifi']"
3508;ts105542;The Baker and the Beauty;"['romance','comedy','drama']"
3509;ts89075;Her Private Life;"['drama','comedy','romance']"
3511;ts237109;Control Z;"['drama','thriller']"
3512;ts86978;Power Rangers Beast Morphers;"['animation','scifi','action','comedy','drama','fantasy','thriller']"
3514;ts215046;Capitani;"['thriller','crime','drama']"
3515;tm846964;A Fall from Grace;"['fantasy','thriller','drama']"
3516;tm436778;The Best of Enemies;"['drama','history']"
3517;ts189422;Home for Christmas;"['comedy','drama','romance']"
3518;ts88151;Quicksand;"['drama','crime','thriller']"
3522;tm814671;Secret Obsession;"['thriller','drama']"
3523;ts237513;Ju-On: Origins;"['thriller','drama','horror']"
3524;tm844250;Ala Vaikunthapurramuloo;"['drama','action','comedy']"
3527;tm936236;Cadaver;"['thriller','horror','drama']"
3528;tm890660;The Paramedic;"['thriller','action','crime','drama']"
3529;ts88721;Special;"['comedy','drama']"
3531;ts223240;Itaewon Class;"['drama','romance']"
3532;tm465724;See You Yesterday;"['drama','action','crime','scifi','thriller']"
3533;ts87008;Turn Up Charlie;"['drama','comedy','music']"
3536;tm370530;Ride Like a Girl;"['drama','sport']"
3541;tm459512;To All the Boys: P.S. I Still Love You;"['romance','comedy','drama']"
3542;tm822246;The Forty-Year-Old Version;"['comedy','drama']"
3543;ts251028;Detention;"['drama','horror','thriller']"
3545;tm849005;The Willoughbys;"['comedy','animation','drama','family','fantasy']"
3550;tm827501;Tall Girl;"['comedy','drama','family','romance']"
3552;tm935878;Monsoon;['drama']
3553;ts237751;Gameboys;"['drama','comedy','romance']"
3554;tm428558;High Flying Bird;"['drama','sport']"
3555;ts277126;Black Space;"['crime','drama','thriller']"
3556;ts84586;Spinning Out;"['drama','sport']"
3557;tm822907;Patsy & Loretta;"['drama','music']"
3558;ts267956;Ethos;['drama']
3559;ts87986;Dolly Parton's Heartstrings;"['drama','comedy','music']"
3560;ts106126;The Bonfire of Destiny;"['drama','history']"
3561;tm850723;Altered Carbon: Resleeved;"['animation','drama','scifi','thriller','action','crime']"
3563;tm914535;2 Hearts;"['romance','drama']"
3567;ts89747;High Seas;"['drama','crime','comedy']"
3569;tm316311;Wasp Network;"['drama','thriller','crime']"
3571;tm496648;School Life;"['comedy','drama','european']"
3572;ts288350;Julie and the Phantoms;"['scifi','music','comedy','drama','family','fantasy','documentation']"
3575;ts188991;Someone Has to Die;"['crime','drama','thriller']"
3576;tm810547;Night in Paradise;"['thriller','action','crime','drama']"
3580;ts268560;The Uncanny Counter;"['drama','action','fantasy','horror']"
3582;ts225460;Freud;['drama']
3584;ts224072;Self Made: Inspired by the Life of Madam C.J. Walker;"['drama','history']"
3585;ts83107;V Wars;"['scifi','drama','horror']"
3587;ts216493;The Naked Director;"['drama','comedy']"
3588;tm500565;Friendsgiving;"['comedy','drama']"
3589;tm452826;Poms;"['comedy','drama','sport']"
3591;ts251067;The Baby-Sitters Club;"['family','comedy','drama']"
3594;tm451512;Close;"['thriller','action','drama']"
3596;ts222606;Black Dog;['drama']
3597;tm938793;I Am Woman;"['drama','romance','history','music']"
3598;ts219895;Tiny Pretty Things;"['thriller','drama']"
3599;ts101874;Frontera Verde;"['thriller','crime','drama','scifi']"
3600;ts86744;Romance Is a Bonus Book;"['comedy','drama','romance']"
3601;ts84129;No Good Nick;"['comedy','drama','family']"
3602;tm941382;Stand by Me Doraemon 2;"['animation','comedy','drama','family','fantasy','scifi']"
3604;ts89326;Persona;['drama']
3605;tm933375;Cuties;"['drama','european']"
3608;tm833638;The Forest of Love;"['drama','thriller','crime','horror']"
3609;ts104449;The Liberator;"['animation','action','drama','war']"
3614;ts91124;Love Alarm;"['scifi','romance','comedy','drama']"
3615;tm855600;The Stand In;"['comedy','drama']"
3616;tm827508;The Boys in the Band;['drama']
3617;ts88312;The Eddy;"['drama','music','thriller']"
3618;ts256007;Love & Anarchy;"['comedy','drama','romance']"
3619;ts89958;Arthdal Chronicles;"['drama','action','romance','fantasy','history']"
3622;tm462903;Backdraft 2;['drama']
3623;ts101408;The Mess You Leave Behind;"['thriller','crime','drama']"
3626;tm814150;How I Became a Super Hero;"['drama','fantasy','thriller','action','comedy','scifi']"
3627;tm461366;The Coldest Game;"['drama','history','sport','thriller','european']"
3630;tm511940;Lying and Stealing;"['crime','drama','comedy']"
3631;ts85480;Carole & Tuesday;"['scifi','music','animation','drama']"
3632;ts315066;Vampires;"['scifi','drama','fantasy','horror']"
3635;tm834291;Escaping the NXIVM Cult: A Mother's Fight to Save Her Daughter;"['crime','drama']"
3636;tm524282;Invader ZIM: Enter the Florpus;"['drama','family','horror','action','fantasy','animation','comedy','scifi','thriller']"
3637;ts216474;The Trial;"['crime','thriller','drama']"
3643;ts242244;Japan Sinks: 2020;"['action','scifi','animation','drama']"
3644;tm471922;An Easy Girl;"['comedy','drama','european']"
3646;tm818502;"Live Twice, Love Once";"['comedy','drama','european']"
3649;ts222367;We Are the Wave;['drama']
3650;tm884511;The Lost Husband;"['romance','drama']"
3657;tm858001;Only;"['romance','horror','thriller','drama','action','family']"
3658;tm424074;Then Came You;"['comedy','drama']"
3661;tm469400;Brené Brown: The Call to Courage;"['documentation','drama']"
3662;ts86927;Touch Your Heart;"['comedy','drama','romance']"
3664;ts321758;Vagabond;"['drama','action','thriller','romance']"
3665;ts252098;The Duchess;"['drama','comedy']"
3670;tm501222;Twin Murders: The Silence of the White City;"['crime','drama','horror','thriller','action','european']"
3673;ts215378;Love 101;"['comedy','drama','romance']"
3676;ts268890;Lovestruck in the City;"['drama','romance']"
3677;ts223192;Hospital Playlist;"['comedy','drama']"
3679;tm463385;Framing John DeLorean;"['drama','documentation']"
3681;tm826473;A Sun;['drama']
3685;tm942240;Dance of the Forty One;"['drama','history']"
3688;ts103360;The Barrier;"['scifi','fantasy','thriller','action','drama','war']"
3690;tm920096;Definition Please;"['drama','comedy']"
3691;tm864480;Unknown Origins;"['thriller','comedy','action','crime','drama']"
3692;ts111206;Fast & Furious Spy Racers;"['comedy','crime','drama','family','animation','action']"
3694;tm898262;Coven;"['drama','history','thriller','horror','action']"
3698;ts215718;Extracurricular;['drama']
3699;tm883189;Dangerous Lies;"['thriller','horror','drama','comedy','crime']"
3700;ts225328;Get Even;['drama']
3702;tm475339;Beats;['drama']
3703;ts268551;Run On;['drama']
3704;tm881859;A Secret Love;"['documentation','drama']"
3705;tm503508;Earthquake Bird;"['romance','thriller','crime','drama']"
3709;tm434553;Cut Throat City;"['crime','thriller','action','drama']"
3711;tm848996;Tigertail;['drama']
3715;ts89048;My First First Love;['drama']
3718;tm670553;Your Name Engraved Herein;"['drama','romance']"
3725;ts86413;AJ and the Queen;"['comedy','drama']"
3728;ts89291;Mythomaniac;"['comedy','drama']"
3731;tm922532;Freaks – You're One of Us;"['thriller','fantasy','scifi','action','drama']"
3734;ts114080;Twice Upon a Time;"['scifi','thriller','drama','romance','comedy']"
3739;tm679284;The Knight Before Christmas;"['drama','fantasy','romance','comedy']"
3740;tm454824;Silver Skates;"['romance','family','history','drama']"
3742;tm453850;Time to Hunt;"['drama','scifi','thriller','action','crime']"
3743;ts237488;Blood & Water;['drama']
3744;tm447439;System Crasher;"['drama','european']"
3745;ts222933;Who Killed Little Gregory?;"['crime','drama','documentation','thriller']"
3751;ts221363;Criminal: Germany;"['drama','crime']"
3753;tm497383;Sergio;"['drama','history','romance','documentation']"
3754;tm978401;Mosul;['drama']
3756;ts88471;Girls from Ipanema;"['drama','romance']"
3757;tm449594;Brother;"['drama','european']"
3758;ts251560;Do Do Sol Sol La La Sol;"['comedy','drama','music','romance']"
3759;tm452851;The Operative;"['thriller','action','drama']"
3767;ts225377;Taj Mahal 1989;"['drama','comedy','romance']"
3769;tm837756;I'm No Longer Here;['drama']
3772;tm819054;Dear Mother;"['comedy','drama']"
3773;tm863890;Rising High;"['comedy','drama']"
3777;tm490222;Uncorked;"['drama','comedy']"
3778;ts86928;The Crowned Clown;"['action','history','romance','drama']"
3786;ts185885;Oktoberfest: Beer & Blood;"['drama','history','thriller']"
3788;tm986700;All My Friends Are Dead;"['thriller','drama','comedy','crime']"
3790;tm838687;Holiday in the Wild;"['romance','comedy','drama']"
3791;ts85619;Hache;"['crime','drama','thriller']"
3798;ts106141;The Chosen One;"['thriller','drama']"
3801;tm844513;M8 - When Death Rescues Life;"['drama','thriller']"
3807;ts82739;Women of the Night;"['crime','drama']"
3811;ts222634;Nobody's Looking;"['comedy','drama','fantasy']"
3812;ts223895;"Hi Bye, Mama!";"['scifi','comedy','drama','fantasy']"
3813;tm970327;Seven;['drama']
3816;tm812998;Miracle in Cell No. 7;['drama']
3817;tm889629;Lady Driver;"['drama','sport']"
3818;ts254568;The Last Word;"['comedy','drama']"
3821;ts226617;The Innocence Files;"['documentation','crime','drama']"
3822;tm897170;Furie;"['thriller','drama','horror']"
3823;ts110637;Mortel;"['fantasy','horror','scifi','crime','drama']"
3827;ts90621;Kota Factory;"['drama','comedy']"
3829;ts88841;The School Nurse Files;"['scifi','comedy','drama','fantasy']"
3831;tm852662;Ultras;['drama']
3834;ts93981;Monarca;['drama']
3835;ts102933;Les de l'hoquei;"['sport','drama']"
3836;tm932609;The Binding;"['drama','thriller','horror']"
3837;tm898169;If Anything Happens I Love You;['drama']
3838;tm851346;Residue;['drama']
3841;tm894619;Feel the Beat;"['drama','comedy','family']"
3844;tm918853;All Together Now;['drama']
3847;tm850822;Fortune Feimster: Sweet & Salty;"['comedy','drama']"
3850;ts225102;Record of Youth;"['drama','romance']"
3852;tm855535;The Hater;"['drama','european']"
3855;ts187443;The Minions of Midas;"['crime','drama','thriller']"
3857;ts225410;Unstoppable;"['drama','documentation']"
3858;tm453903;Elisa & Marcela;"['romance','drama','european']"
3859;tm843938;18 Presents;"['fantasy','drama','european']"
3860;tm674099;Rose Island;"['drama','comedy']"
3863;ts90645;Drug Squad: Costa del Sol;"['action','thriller','drama','romance']"
3864;tm835432;Sky High;"['crime','thriller','drama','action','european']"
3866;tm413558;Funan;"['drama','war','animation','history','european']"
3868;ts90095;Jinn;"['scifi','drama','fantasy','horror','thriller']"
3870;ts235672;She;['drama']
3871;tm434830;The Grizzlies;"['drama','sport']"
3875;ts237014;Her Mother's Killer;['drama']
3876;ts87224;Always a Witch;"['scifi','drama','fantasy']"
3877;ts223238;My Holo Love;"['scifi','drama','romance']"
3879;ts90280;Yankee;['drama']
3880;ts288353;Omniscient;"['scifi','drama','thriller']"
3881;ts188840;Seis Manos;"['drama','fantasy','animation','action','crime']"
3883;ts218277;Apache: The Life of Carlos Tevez;"['drama','sport','thriller','crime']"
3889;tm283581;Super Deluxe;"['thriller','action','comedy','crime','drama']"
3891;ts104485;The Stranded;"['drama','action']"
3895;tm861718;Villain;"['drama','thriller','action','crime']"
3897;ts250800;Kissing Game;['drama']
3899;ts110635;Luna Nera;"['drama','fantasy','thriller','scifi']"
3902;ts213544;Rookie Historian Goo Hae-Ryung;"['romance','comedy','drama','history']"
3903;ts89028;Delhi Crime;"['drama','crime']"
3907;ts87320;Can You Hear Me?;"['drama','comedy']"
3910;tm848443;World Famous Lover;"['romance','drama']"
3911;tm898773;Bulbbul;"['fantasy','horror','drama']"
3912;ts90356;Terrace House: Tokyo 2019-2020;"['reality','drama']"
3913;ts103213;Queen Sono;"['drama','thriller','action','crime']"
3916;tm813929;Gold Statue;"['comedy','drama']"
3917;ts238242;The Great Heist;"['drama','thriller','crime']"
3918;tm857921;The Present;['drama']
3919;tm465408;Burning Cane;['drama']
3926;tm822596;Into the Beat;"['drama','music','romance','european']"
3929;tm319139;Saaho;"['thriller','action','crime','drama','romance']"
3930;tm495609;Game Over;"['thriller','drama','scifi']"
3931;ts85451;45 RPM;"['drama','music']"
3933;ts104168;El Dragón: Return of a Warrior;"['action','drama']"
3936;tm502151;A Remarkable Tale;"['comedy','drama','european']"
3937;ts245653;The Club;"['comedy','drama']"
3940;tm456074;Jezebel;['drama']
3947;ts252166;Private Lives;"['action','thriller','drama','crime','romance']"
3950;ts87473;7SEEDS;"['scifi','drama','animation','action','horror','romance']"
3952;ts223659;Jamtara – Sabka Number Ayega;"['drama','crime']"
3954;ts225539;Hyena;"['drama','romance']"
3955;ts190452;Stolen Away;"['thriller','action','crime','drama']"
3958;ts90902;Search: WWW;"['comedy','drama','romance']"
3960;ts251119;Hook;"['drama','romance','sport']"
3961;ts88821;I Hear You;"['drama','comedy','romance']"
3962;ts91034;Leila;"['war','scifi','drama']"
3963;tm816038;Violet Evergarden: Eternity and the Auto Memories Doll;"['family','animation','drama','fantasy']"
3966;tm423624;Ek Ladki Ko Dekha Toh Aisa Laga;"['drama','romance','comedy']"
3967;ts88133;Well-Intended Love;"['drama','romance']"
3970;ts216513;The Healing Powers of Dude;"['fantasy','action','comedy','drama','family']"
3971;tm826368;American Son;['drama']
3972;tm454096;Only Mine;"['drama','thriller']"
3975;ts104507;Triad Princess;['drama']
3976;tm831873;The Crimes That Bind;"['drama','thriller','crime']"
3979;ts231260;Last One Standing;"['scifi','thriller','drama']"
3983;tm843276;Memories of a Teenager;['drama']
3984;tm941531;The Beast;"['crime','action','drama','thriller']"
3985;ts221851;The Lies Within;"['crime','thriller','drama']"
3986;tm873159;The Yin-Yang Master: Dream of Eternity;"['scifi','action','drama','fantasy']"
3990;ts88552;Go! Live Your Way;"['drama','comedy','romance']"
3991;ts91087;One Spring Night;"['drama','romance']"
3992;tm836638;The Man Without Gravity;"['drama','comedy','fantasy']"
3994;ts88352;Designated Survivor: 60 Days;"['war','thriller','drama']"
3998;tm949267;Notes for My Son;['drama']
3999;tm820116;Street Flow;"['drama','crime']"
4001;tm458363;Juanita;['drama']
4003;ts89331;My Husband Won't Fit;"['drama','romance']"
4006;ts219422;When the Camellia Blooms;"['comedy','drama','romance','thriller']"
4007;tm886214;Mrs. Serial Killer;"['thriller','crime','drama']"
4008;ts237071;The Forest of Love: Deep Cut;"['crime','horror','thriller','drama']"
4009;tm425944;A Land Imagined;"['drama','thriller','european']"
4011;tm888080;The Last Days of American Crime;"['crime','thriller','action','drama','scifi']"
4012;ts191285;The Prince of Tennis ~ Match! Tennis Juniors ~;"['drama','sport']"
4013;tm925490;Ainu Mosir;['drama']
4014;tm450095;37 Seconds;['drama']
4015;tm452867;Jo Pil-ho: The Dawning Rage;"['drama','thriller','action','crime']"
4017;tm450698;The Ruthless;"['crime','drama','european']"
4020;tm897418;DNA;"['drama','history']"
4022;tm960414;A California Christmas;"['romance','comedy','drama']"
4023;tm475430;Super Me;"['fantasy','scifi','drama']"
4026;tm460360;4 latas;"['drama','comedy','european']"
4029;ts222609;Chocolate;['drama']
4030;ts59542;The Search;"['comedy','drama']"
4031;tm494531;Seventeen;"['drama','european']"
4033;tm1127695;The Endless Trench;"['thriller','war','action','drama','history','european']"
4034;ts235979;The Victims' Game;"['drama','thriller','crime']"
4035;tm818786;Menendez: The Day of the Lord;"['drama','horror','thriller']"
4039;ts87680;Playing with Fire;['drama']
4040;tm817087;#AnneFrank. Parallel Stories;"['drama','documentation','history']"
4045;tm455197;Kabir Singh;"['drama','crime','action','romance']"
4046;ts88937;Shadow;"['action','crime','drama','thriller']"
4047;tm431349;Bulbul Can Sing;['drama']
4049;tm889679;Roped;"['romance','family','comedy','drama']"
4053;ts223690;Yanxi Palace: Princess Adventures;['drama']
4056;ts218367;Secreto bien guardado;"['drama','romance']"
4062;ts222803;Maradona in Mexico;"['documentation','sport','comedy','drama']"
4064;ts236182;Brews Brothers;"['comedy','drama']"
4065;tm472766;Kardec;"['history','drama']"
4072;tm832903;Airplane Mode;"['comedy','drama','romance']"
4077;tm925218;Monster Run;"['action','fantasy','thriller','drama','scifi']"
4083;ts223242;Was It Love?;"['drama','comedy','romance']"
4084;tm458418;Tune in for Love;"['romance','drama']"
4085;ts251618;Tiny Creatures;"['documentation','family','drama']"
4086;tm458326;Walk. Ride. Rodeo.;['drama']
4087;tm948916;The Scary House;"['thriller','fantasy','drama','family','horror','european']"
4088;ts251061;Legend of Exorcism;"['scifi','drama','animation','action','fantasy']"
4089;ts224891;Followers;"['drama','comedy']"
4090;tm917822;The 2nd;"['action','drama']"
4091;tm464888;Love Aaj Kal;['drama']
4094;tm854876;Out Of My League;"['romance','drama','comedy','european']"
4099;tm840723;Ramprasad Ki Tehrvi;"['drama','comedy']"
4100;ts243256;Social Distance;"['drama','comedy']"
4101;ts224796;The Ghost Bride;"['drama','thriller']"
4103;tm458328;Badla;"['thriller','crime','drama']"
4105;ts105608;Puerta 7;"['thriller','crime','drama']"
4106;tm1005077;Strain;['drama']
4111;tm889200;MOTHER;['drama']
4112;tm823302;Alice Júnior;"['romance','animation','comedy','drama']"
4116;tm822832;Lingua Franca;['drama']
4117;ts103935;Bolívar: Una lucha admirable;"['romance','action','drama']"
4119;ts223084;Nowhere Man;"['crime','drama','thriller','action']"
4122;tm889018;Nobody Knows I'm Here;['drama']
4123;ts224198;Rugal;"['crime','thriller','scifi','drama','action']"
4124;tm946604;What We Wanted;['drama']
4125;ts100354;Monzón: A Knockout Blow;"['crime','drama','history','sport']"
4127;tm450375;Thackeray;"['drama','history','action']"
4130;tm493511;The Sky Is Pink;"['drama','romance','family']"
4133;tm460815;Luka Chuppi;"['romance','drama','comedy']"
4135;tm880059;All Day and a Night;['drama']
4136;tm998899;The Fisherman's Diary;['drama']
4138;tm474862;Bennett's War;"['drama','sport']"
4139;tm372035;Paris Is Us;"['drama','european']"
4140;tm449590;Rattlesnake;"['horror','thriller','drama','crime']"
4142;ts89340;Crime Diaries: The Candidate;"['war','crime','drama','thriller']"
4151;tm460259;Blood Will Tell;"['thriller','drama']"
4152;ts256898;Over Christmas;"['drama','comedy']"
4155;tm426630;Soni;"['crime','drama']"
4157;tm451584;Too Handsome To Handle;"['romance','drama','comedy']"
4158;ts254537;"Good Morning, Verônica";"['drama','thriller','crime']"
4159;ts268758;Mismatched;"['comedy','drama','romance']"
4161;tm1081074;Justine;['drama']
4162;ts86365;Rilakkuma and Kaoru;"['comedy','drama','family','animation']"
4167;tm927926;Dad Wanted;"['drama','family','comedy']"
4168;ts225379;The Good Detective;"['crime','drama']"
4169;tm474548;Good Sam;"['drama','comedy']"
4176;tm884616;Quiet;['drama']
4179;tm847805;Ludo;"['crime','action','comedy','drama']"
4189;ts79695;Sintonia;"['crime','drama','music']"
4193;tm898180;Sitting in Limbo;['drama']
4194;tm461827;Who Would You Take to a Deserted Island?;"['drama','european']"
4196;tm450832;Paradise Beach;"['action','drama','thriller','crime','european']"
4198;tm925858;Black Beach;"['drama','thriller','fantasy','action']"
4200;ts90640;The Writer;"['drama','crime']"
4202;tm475162;American Woman;['drama']
4204;tm822099;The Blue Elephant 2;"['thriller','crime','drama','horror']"
4208;tm450462;Petta;"['drama','action']"
4210;tm447755;Back of the Net;"['drama','comedy','family']"
4213;tm429172;The (Silent) War;"['thriller','crime','war','action','drama','european']"
4217;tm821662;Vikruthi;"['comedy','drama']"
4218;tm819497;"Berlin, Berlin";"['comedy','drama','romance']"
4219;tm465427;Maria;"['action','crime','drama','thriller']"
4222;tm421560;Let's Dance;"['drama','comedy','music','family']"
4224;tm854682;Asphalt Goddess;['drama']
4228;ts214462;The Queen and the Conqueror;"['history','drama']"
4229;tm833382;Keeping the Bees;['drama']
4230;tm863879;Kaamyaab;['drama']
4234;tm473813;Chopsticks;"['drama','comedy']"
4238;tm483602;Malang;"['romance','drama','thriller','action','crime']"
4240;tm838705;Holiday Rush;"['comedy','drama','romance','family']"
4241;tm901947;Little Big Women;['drama']
4246;ts214192;El Final del Paraíso;"['action','drama']"
4247;ts104483;Typewriter;"['thriller','horror','drama']"
4249;tm830795;Happy Old Year;"['drama','romance']"
4250;tm849323;Shikara;"['romance','drama','history']"
4251;tm919920;Milestone;['drama']
4257;tm477006;Psycho;"['crime','thriller','drama']"
4258;tm839761;"Kalel, 15";['drama']
4259;ts269740;How To Ruin Christmas;"['drama','comedy']"
4260;tm908529;Tell Me When;"['drama','documentation','comedy']"
4264;tm940566;Kaali Khuhi;"['thriller','horror','drama']"
4265;tm979689;Canvas;['drama']
4266;ts217389;Masaba Masaba;"['comedy','drama']"
4267;tm851912;Gunjan Saxena: The Kargil Girl;"['drama','action','war']"
4268;tm926528;AK vs AK;"['drama','action','thriller','comedy','crime']"
4277;tm912190;Cargo;"['drama','fantasy','scifi']"
4278;tm678851;Article 15;"['crime','drama','thriller']"
4279;tm919903;Tragic Jungle;['drama']
4283;tm494847;Made in China;"['drama','comedy','crime','romance','thriller','european']"
4284;ts103918;The Good Bandit;"['drama','comedy','crime']"
4285;tm373471;90 ML;"['comedy','drama','romance']"
4286;ts214463;"Los Briceño, una familia todo terreno";['drama']
4288;ts91741;Three Days of Christmas;['drama']
4290;ts218000;Dollar;"['drama','romance','action']"
4291;tm946360;Really Love;"['drama','romance']"
4293;tm850730;Adú;"['drama','european']"
4294;tm842817;Living in Bondage: Breaking Free;"['drama','fantasy']"
4301;ts226410;Handsome Siblings;"['fantasy','romance','action','comedy','drama']"
4305;ts112733;Bard of Blood;"['action','drama','thriller']"
4306;ts224906;Find Yourself;"['drama','romance']"
4307;tm946801;Just Another Christmas;"['comedy','family','drama']"
4322;tm889647;The Stand at Paxton County;"['thriller','drama']"
4323;tm847008;Shine Your Eyes;"['drama','thriller']"
4326;tm845850;Out Of The Clear Blue Sky;"['comedy','drama']"
4328;tm946718;Funny Boy;['drama']
4332;tm462660;Inhuman Kiss;"['romance','drama','horror']"
4335;tm910040;Milkwater;['drama']
4337;tm483511;Jai Mummy Di;"['romance','comedy','drama']"
4338;tm469966;The Unknown Saint;"['drama','comedy','crime']"
4342;ts90063;Put Your Head on My Shoulder;"['drama','romance','comedy']"
4344;ts89182;Green Door;"['drama','comedy','horror','thriller']"
4347;tm455161;Panipat;"['romance','action','drama','history','war']"
4350;tm866782;One-Way to Tomorrow;"['romance','comedy','drama']"
4351;tm935388;Ginny Weds Sunny;"['drama','romance','comedy']"
4355;ts251072;The Underclass;['drama']
4357;tm828570;Ahaan;"['drama','comedy']"
4360;tm462277;Romeo Akbar Walter;"['thriller','drama','action']"
4361;tm943771;Angela's Christmas Wish;"['animation','comedy','drama','family']"
4362;tm838007;Dolly Kitty and Those Twinkling Stars;"['drama','comedy']"
4363;tm817284;Bridezilla;"['romance','drama','comedy']"
4365;tm834608;Alelí;"['comedy','drama']"
4368;tm459329;Firebrand;['drama']
4369;tm933826;Serious Men;"['comedy','drama']"
4371;tm838022;Upstarts;"['drama','comedy']"
4373;tm981475;Illegal Woman;"['drama','crime','european']"
4378;tm854454;Varane Avashyamund;"['comedy','romance','family','drama']"
4380;ts89696;Tijuana;"['drama','crime']"
4383;tm946277;Love;"['thriller','drama']"
4384;ts266966;Juman;"['romance','drama']"
4385;tm925186;Santana;"['action','drama','crime']"
4390;tm882700;Not a Game;"['documentation','drama']"
4396;tm976632;Indoo Ki Jawani;"['comedy','drama']"
4399;tm431769;Once Again;"['drama','romance','european']"
4400;tm366245;Drive;"['thriller','crime','drama','action']"
4401;ts241460;Whispers;['drama']
4402;tm1079495;A Second Chance: Rivals!;"['family','drama','sport']"
4403;ts269844;Paava Kadhaigal;"['drama','family']"
4404;tm822210;Eggnoid: Love & Time Portal;"['drama','fantasy','romance','scifi']"
4407;tm472195;Almost Love;"['comedy','drama','romance']"
4411;tm451852;The 3rd Eye 2;"['horror','thriller','fantasy','drama']"
4415;tm918043;Raat Akeli Hai;"['thriller','crime','drama']"
4418;tm918258;Dogwashers;"['comedy','drama','crime']"
4421;tm426634;The Day I Lost My Shadow;['drama']
4424;ts225647;Graceful Friends;"['drama','crime']"
4426;tm852728;Hunter in the Blue Side of Manchester;['drama']
4428;ts269283;Bhaag Beanie Bhaag;"['drama','comedy']"
4429;tm847678;Romance Doll;['drama']
4430;tm835414;Sitara;"['drama','animation']"
4431;tm859143;Torbaaz;"['drama','thriller','action','sport']"
4434;tm825210;Nothing to Lose 2;['drama']
4435;tm810642;Manmadhudu 2;"['comedy','drama','romance']"
4438;tm822271;Crazy Awesome Teachers;"['comedy','drama']"
4442;tm452900;ReMastered: Massacre at the Stadium;"['documentation','drama']"
4444;tm857873;Door Ke Darshan;"['drama','comedy']"
4445;tm492043;Motichoor Chaknachoor;"['comedy','romance','drama']"
4446;tm854749;The Match;"['drama','european']"
4447;tm923612;Any Crybabies Around?;['drama']
4449;ts92405;Hasmukh;"['crime','comedy','drama']"
4450;tm465513;Bulletproof 2;"['crime','action','comedy','drama']"
4453;ts222625;A Little Thing Called First Love;"['comedy','romance','drama']"
4456;tm468200;Uyare;['drama']
4457;tm837690;Eeb Allay Ooo!;"['drama','comedy']"
4460;tm828318;Axone;"['drama','comedy']"
4462;tm893874;Choked: Paisa Bolta Hai;"['drama','thriller']"
4465;tm845594;Irandam Ulagaporin Kadaisi Gundu;"['drama','thriller']"
4468;tm832463;Mundina Nildana;"['romance','comedy','drama']"
4477;tm456271;Aziza;"['comedy','drama']"
4478;tm850382;Sillu Karupatti;"['drama','romance']"
4480;tm824560;The Lost Okoroshi;"['action','drama']"
4485;tm1149814;Uncovered;"['drama','thriller','action']"
4490;tm494190;Redemption;"['action','drama','thriller']"
4491;tm462037;Mi amigo Alexis;"['comedy','drama','family','sport']"
4493;tm946795;Citation;"['thriller','drama']"
4495;tm474647;Hot Gimmick: Girl Meets Boy;"['romance','drama']"
4500;tm484173;Bhangra Paa Le;"['music','comedy','drama']"
4505;tm931701;Òlòtūré;"['drama','crime']"
4517;ts90466;Hong Kong West Side Stories;"['drama','comedy']"
4519;tm476922;Wanted - Matloubin;"['comedy','drama']"
4521;tm976168;Gone;"['horror','drama']"
4523;ts89656;The Legend of White Snake;"['scifi','drama','fantasy']"
4526;tm950808;Miss India;['drama']
4531;ts213611;Bangkok Love Stories: Plead;['drama']
4532;tm115973;Guna 369;"['romance','drama']"
4533;tm1015303;RattleSnake: The Ahanna Story;['drama']
4541;tm845607;Spirit Riding Free: Spirit of Christmas;"['animation','action','comedy','drama','family']"
4542;tm881984;Maska;"['comedy','drama','romance']"
4544;tm917846;The Letter Reader;['drama']
4545;tm921416;Class of '83;"['crime','action','drama','thriller']"
4558;tm848261;Aaviri;"['thriller','drama']"
4559;tm908128;Chaman Bahar;"['drama','comedy']"
4560;tm813634;Dorasani;"['drama','romance']"
4563;tm854786;Yeh Ballet;['drama']
4567;ts90643;Cairo's Class;['drama']
4568;tm813423;Marjoun and the Flying Headscarf;['drama']
4573;tm859424;Maradona's Legs;['drama']
4574;tm677746;Bombay Rose;"['romance','animation','drama']"
4575;tm810873;Thottappan;['drama']
4578;tm981956;Spirit Riding Free: Ride Along Adventure;"['animation','action','drama','family','western','comedy']"
4581;tm839479;Fan Girl;['drama']
4587;tm475815;The Zoya Factor;"['romance','sport','comedy','drama']"
4588;tm435836;Mere Pyare Prime Minister;['drama']
4590;ts89679;A Thousand Goodnights;['drama']
4591;tm1028083;Red Snow;['drama']
4594;tm837843;It Takes a Lunatic;"['documentation','drama']"
4595;tm893510;What are the Odds?;"['drama','music','documentation']"
4596;tm996316;Omo Ghetto: The Saga;"['comedy','drama','action']"
4597;tm847630;The App;"['scifi','thriller','drama']"
4599;tm430120;Belmonte;"['drama','comedy','european']"
4601;tm981770;An Unremarkable Christmas;"['comedy','drama']"
4603;tm866495;Love Like the Falling Rain;"['drama','romance','fantasy']"
4604;tm439365;Bombairiya;"['crime','drama','comedy']"
4605;tm683841;"Hello, Love, Goodbye";"['drama','romance']"
4606;tm922407;Kilometers and Kilometers;"['drama','comedy']"
4607;tm822272;Love for Sale 2;"['drama','romance']"
4612;tm373655;Sarvam Thaala Mayam;"['drama','music']"
4616;ts225708;Six Windows in the Desert;"['drama','comedy','history','scifi']"
4617;tm819841;Isa Pa with Feelings;"['comedy','romance','drama']"
4618;ts215166;Scams;"['action','crime','drama']"
4619;tm832289;Kasanova;"['romance','drama']"
4621;tm464509;K. D.;['drama']
4624;tm824858;Cuddle Weather;['drama']
4626;tm1047951;Small Chops;['drama']
4627;tm947446;Finding Agnes;['drama']
4633;tm373452;Kannum Kannum Kollaiyadithaal;"['comedy','drama','romance','thriller']"
4635;ts45322;"Wait, My Youth";"['drama','romance']"
4638;ts223121;Bangkok Buddies;"['comedy','drama']"
4641;tm435327;27 Steps of May;['drama']
4643;tm834715;Single Slipper Size - 7;"['drama','thriller']"
4646;tm814652;Mallesham;['drama']
4648;tm461427;15 August;"['romance','comedy','drama']"
4650;tm468811;Mehandi Circus;['drama']
4652;tm929630;A New York Christmas Wedding;"['drama','romance']"
4655;tm831934;The Millions;"['comedy','thriller','drama']"
4656;tm830151;One Day We'll Talk About Today;"['drama','family','music','documentation']"
4657;ts222802;Once Upon a Time in Lingjian Mountain;"['action','comedy','fantasy','romance','drama']"
4663;ts87599;Somewhere Only We Know;"['drama','romance']"
4666;tm838954;Wira;['drama']
4669;ts90696;In the Bosom of a Thorn;['drama']
4670;ts90568;Answer for Heaven;"['comedy','drama']"
4674;tm472999;Guddiyan Patole;"['comedy','drama']"
4676;tm469510;Albert  Pinto Ko Gussa Kyun Aata Hai?;['drama']
4677;tm924556;Maniyarayile Ashokan;"['drama','comedy','romance']"
4680;tm831196;Chippa;['drama']
4683;tm674494;4th Republic;"['thriller','drama']"
4685;tm675214;Mokalik (Mechanic);"['comedy','drama']"
4686;tm453994;The Body Remembers When the World Broke Open;"['drama','european']"
4695;tm818239;Penalty;"['sport','drama']"
4697;tm820338;The 9th Precinct;"['fantasy','thriller','action','crime','drama']"
4698;tm675154;Malaal;"['romance','action','drama']"
4700;tm679270;Evvarikee Cheppoddu;['drama']
4703;tm488551;Luckee;"['comedy','drama']"
4707;tm475254;"Sincerely Yours, Dhaka";['drama']
4711;tm478962;Saavat;"['thriller','crime','drama']"
4714;tm476593;Krutant;"['drama','thriller']"
4715;ts222901;糖糖Online;['drama']
4716;tm814953;This Earth of Mankind;"['drama','history']"
4719;tm935993;Classmates Minus;"['comedy','drama']"
4720;tm848444;Masameer: The Movie;"['comedy','drama','animation']"
4721;tm882606;Sethum Aayiram Pon;"['family','drama']"
4723;tm976519;The App That Stole Christmas;"['drama','comedy']"
4724;tm483103;Ali & Alia;"['romance','drama']"
4726;tm826677;Tee Shot: Ariya Jutanugarn;['drama']
4728;tm483190;Time Out;"['comedy','drama','romance']"
4729;tm1088545;Unroyal;"['drama','romance','comedy']"
4731;ts213071;Sleepless Society NYCTOPHOBIA;"['drama','thriller']"
4732;tm435295;Ave Maryam;"['romance','drama']"
4735;tm846630;Tarung Sarung;"['drama','sport','thriller','action']"
4737;tm824855;Lola Igna;"['drama','comedy']"
4746;tm867288;Elevator Baby;"['comedy','drama']"
4748;tm811954;Nenjamundu Nermaiyundu Odu Raja;"['comedy','romance','drama']"
4750;tm1000551;Namaste Wahala;"['comedy','drama','romance']"
4753;tm460199;High End Yaariyaan;"['romance','comedy','drama','family']"
4754;tm498444;Nimbe: The Movie;['drama']
4758;tm918704;Baxu and the Giants;"['drama','fantasy']"
4764;tm919210;Uma Maheswara Ugra Roopasya;"['drama','comedy']"
4767;tm849565;Generasi 90an: Melankolia;['drama']
4774;tm472231;Si Doel the Movie 2;"['romance','drama','comedy']"
4775;tm460149;My Stupid Boss 2;"['comedy','drama']"
4777;tm873357;Mariposa;"['drama','romance','comedy']"
4779;ts241246;The Smart Money Woman;['drama']
4781;tm493556;Kaagar;"['crime','drama']"
4782;tm971819;Four Sisters Before the Wedding;"['drama','comedy']"
4788;tm816432;Bypass Road;"['thriller','drama']"
4790;tm463217;Hamid;['drama']
4792;ts236850;Children of Adam;"['action','drama']"
4794;tm454431;A Home with a View;"['comedy','drama']"
4795;tm446480;Cemara's Family;"['drama','family']"
4797;tm979073;100% Halal;['drama']
4800;ts90648;I Have A Script;['drama']
4801;tm454338;Alone/Together;"['drama','romance']"
4803;tm474405;Between Maybes;"['drama','romance']"
4804;tm471802;Sur Sapata;"['drama','comedy','sport']"
4805;tm873354;Si Doel the Movie 3;"['drama','romance']"
4806;tm902993;Mama Drama;['drama']
4807;ts89740;The Defected;"['drama','crime']"
4808;tm836449;Tuna Girl;"['drama','comedy']"
4809;tm462809;The Wedding Shaman;"['romance','drama']"
4810;tm455715;Dilan 1991;"['drama','romance']"
4811;tm843408;She Is;['drama']
4812;tm476496;Bhai - Vyakti Ki Valli 2;"['comedy','drama']"
4814;tm898322;This Lady Called Life;['drama']
4818;tm846354;#FriendButMarried 2;"['drama','comedy','romance']"
4820;tm915354;Girl's Revenge;['drama']
4821;tm451502;Kolaiyuthir Kaalam;"['thriller','drama']"
4823;tm921230;Story of Kale: When Someone's in Love;"['drama','romance']"
4827;tm840236;Milea;"['romance','drama']"
4830;ts283159;A Perfect Day for Arsenide;"['drama','romance']"
4831;ts264270;Anatomy of a Scandal;"['drama','thriller']"
4832;ts217231;Heartstopper;"['drama','romance']"
4835;ts108385;Inventing Anna;['drama']
4836;tm1082564;The Adam Project;"['drama','action','comedy','scifi']"
4837;tm1043537;Operation Mincemeat;"['drama','war']"
4838;tm674063;The Power of the Dog;"['drama','romance','western']"
4839;ts225061;Pieces of Her;"['crime','drama','thriller']"
4840;tm1166024;Choose or Die;"['thriller','drama','horror']"
4841;tm1075698;Metal Lords;"['drama','comedy','music']"
4846;ts270910;Vikings: Valhalla;"['war','action','drama','history','romance']"
4847;ts222333;Arcane;"['action','scifi','drama','fantasy','animation']"
4848;tm1083293;Windfall;"['thriller','crime','drama']"
4849;tm979026;"tick, tick... BOOM!";['drama']
4850;ts301625;Hold Tight;"['crime','drama','thriller']"
4852;ts215951;Midnight Mass;"['action','drama','fantasy','horror','scifi']"
4853;tm856378;Don't Look Up;"['scifi','drama','comedy']"
4855;ts240453;Clark;"['comedy','crime','drama','thriller','action']"
4857;tm852172;Apollo 10½:  A Space Age Childhood;"['comedy','action','animation','romance','family','horror','drama','scifi']"
4859;ts256072;The Woman in the House Across the Street from the Girl in the Window;"['crime','comedy','drama','thriller']"
4860;ts256710;Archive 81;"['scifi','drama','horror','thriller']"
4861;tm413169;Peter Rabbit 2: The Runaway;"['fantasy','family','comedy','action','animation','crime','drama']"
4863;ts220305;Squid Game;"['action','drama','thriller']"
4865;tm1064065;Black Crab;"['war','action','drama','scifi','thriller']"
4866;ts343432;Yakamoz S-245;"['scifi','action','drama','thriller']"
4867;tm1137051;Bubble;"['scifi','thriller','animation','action','drama','fantasy','romance','sport']"
4868;tm1080083;The Lost Daughter;['drama']
4869;tm1191224;365 Days: This Day;"['romance','drama']"
4870;ts331448;Welcome To Eden;"['drama','action','thriller']"
4873;ts281927;Stay Close;"['crime','drama','thriller']"
4874;ts223537;Maid;"['drama','comedy']"
4875;ts340376;The Marked Heart;"['thriller','drama']"
4877;ts87242;Shadow and Bone;"['scifi','drama','fantasy','action']"
4878;ts296046;Lupin;"['crime','drama','comedy','action']"
4881;tm825714;The Harder They Fall;"['action','drama','western']"
4883;tm1014947;Against the Ice;"['drama','history']"
4884;ts227473;Brand New Cherry Flavor;"['thriller','drama','horror','scifi']"
4887;ts225855;All of Us Are Dead;"['action','scifi','thriller','drama','fantasy','horror']"
4888;ts257504;Heirs to the Land;"['comedy','scifi','drama','history']"
4889;tm1142224;The House;"['animation','drama','comedy','thriller']"
4891;tm1165983;The Weekend Away;"['thriller','crime','drama']"
4892;ts102086;Behind Her Eyes;"['drama','thriller']"
4893;tm857461;Gangubai Kathiawadi;"['drama','crime']"
4895;tm1120855;Along for the Ride;"['romance','drama']"
4898;tm1166288;Rescued by Ruby;"['drama','family']"
4900;tm1166020;The Takedown;"['crime','drama','action','comedy']"
4901;tm1066826;Diana: The Musical;['drama']
4902;ts85985;Cowboy Bebop;"['scifi','comedy','crime','drama','fantasy','action']"
4903;tm991529;The Hand of God;['drama']
4904;ts343430;The 7 Lives of Lea;"['drama','thriller','crime','fantasy']"
4905;tm1092864;The Unforgivable;"['drama','crime']"
4906;tm986168;The Guilty;"['drama','thriller','action','crime']"
4909;ts232107;The Silent Sea;"['horror','drama','scifi','thriller']"
4910;ts237713;Sweet Tooth;"['scifi','drama','fantasy','action']"
4912;ts300391;Clickbait;"['thriller','crime','drama']"
4913;ts94677;Worst Roommate Ever;"['crime','documentation','drama','thriller']"
4914;ts251675;Hellbound;"['scifi','horror','thriller','crime','drama','fantasy']"
4915;ts234817;In from the Cold;"['drama','scifi','thriller','action','crime']"
4916;tm1185687;Silverton Siege;"['drama','action','crime','thriller']"
4917;ts286731;Komi Can't Communicate;"['drama','comedy','animation','romance']"
4918;ts314164;Tomorrow;"['drama','action','comedy','fantasy']"
4920;tm1111987;Munich: The Edge of War;"['drama','history','thriller']"
4921;ts279892;Ginny & Georgia;"['drama','comedy']"
4923;tm471968;Passing;"['drama','thriller']"
4926;ts250998;Dirty Lines;"['drama','history']"
4932;ts225645;The Chair;"['drama','comedy']"
4934;ts289334;Sex/Life;"['drama','romance','comedy']"
4935;ts296472;The Chestnut Man;"['crime','drama','thriller']"
4938;ts321513;My Liberation Notes;"['drama','romance']"
4940;ts310057;True Story;"['drama','thriller','comedy','crime']"
4942;ts225657;Halston;['drama']
4943;ts229335;Anxious People;"['crime','drama','comedy']"
4944;tm1038686;Bo Burnham: Inside;"['comedy','drama','music','reality']"
4945;ts287976;Young Royals;"['drama','romance']"
4947;tm347095;Oxygen;"['horror','scifi','thriller','fantasy','drama']"
4948;tm855839;The Shadow in My Eye;"['drama','history','war']"
4950;ts312984;Our Blues;['drama']
4951;ts95572;The Serpent;"['drama','thriller','crime']"
4953;ts287352;Hit & Run;"['action','drama','thriller','crime']"
4954;ts346034;Blood Sisters;"['crime','drama','thriller']"
4959;tm1046932;Kate;"['action','crime','drama','thriller']"
4960;tm861000;Worth;"['history','drama']"
4961;ts237972;Katla;"['scifi','thriller','drama']"
4962;ts262246;The Last Bus;"['scifi','comedy','drama','family','fantasy']"
4963;ts330347;Cracow Monsters;"['scifi','drama','fantasy','horror','thriller']"
4965;ts302363;Twenty Five Twenty One;"['drama','romance']"
4966;tm859005;Today We Fix the World;"['drama','comedy']"
4968;ts88578;Firefly Lane;"['drama','romance']"
4969;tm817075;Furioza;"['action','crime','drama']"
4970;ts308845;The Billion Dollar Code;"['drama','thriller','crime']"
4972;tm1188819;Rumspringa - Ein Amish in Berlin;"['drama','comedy']"
4973;tm1092958;No One Gets Out Alive;"['thriller','horror','drama']"
4974;tm416779;The Woman in the Window;"['thriller','crime','drama']"
4975;tm1000619;Radhe Shyam;"['romance','drama']"
4980;tm1185388;The Turning Point;"['drama','crime']"
4983;ts220553;The Irregulars;"['crime','drama','fantasy','scifi']"
4984;tm1003630;After We Fell;"['drama','romance']"
4985;ts328194;My Name;"['thriller','action','crime','drama']"
4986;tm1046627;Hypnotic;"['horror','drama','thriller']"
4993;ts283080;Who Killed Sara?;"['drama','crime','thriller']"
4994;ts287438;The Innocent;"['crime','drama','thriller']"
4995;ts219423;Masters of the Universe: Revelation;"['scifi','animation','action','drama','family','fantasy','comedy']"
4996;tm992844;The Dig;"['drama','history']"
4997;ts108042;Maya and the Three;"['comedy','drama','family','fantasy','animation','action']"
4998;tm1075215;Aftermath;"['horror','thriller','drama']"
5000;ts281062;The Girl from Oslo;"['drama','thriller']"
5003;tm1003034;The Witcher: Nightmare of the Wolf;"['fantasy','scifi','animation','action','drama']"
5004;tm813078;Prayers for the Stolen;['drama']
5007;ts271867;Vincenzo;"['action','comedy','crime','drama','romance']"
5008;ts272980;The One;"['crime','drama','scifi','thriller','action']"
5011;tm1021871;The Starling;"['comedy','drama','fantasy']"
5012;ts273229;Feria: The Darkest Light;"['scifi','crime','drama','fantasy','horror','thriller']"
5013;tm1063652;Intrusion;"['drama','thriller']"
5014;tm841825;My Little Pony: A New Generation;"['fantasy','scifi','drama','comedy','family','animation','action']"
5016;ts328605;Midnight at the Pera Palace;"['crime','drama','history']"
5019;tm1005109;Kingdom: Ashin of the North;"['action','drama','fantasy','horror','thriller']"
5020;ts287559;Jupiter's Legacy;"['scifi','action','drama','fantasy']"
5021;tm897466;The Summit of the Gods;"['animation','thriller','history','drama','sport']"
5022;tm314863;Vivo;"['comedy','animation','drama','family']"
5023;tm841797;The Ice Road;"['thriller','drama','action']"
5026;tm525645;Fear Street: Part One - 1994;"['horror','drama']"
5027;tm1141594;Brazen;"['thriller','crime','drama','romance']"
5030;tm1107225;Through My Window;"['romance','comedy','drama']"
5033;ts290643;Super Crooks;"['scifi','drama','animation','action','crime','fantasy']"
5035;tm1020820;Night Teeth;"['comedy','action','crime','drama','fantasy','horror','thriller']"
5037;tm999927;A Cop Movie;"['drama','action','crime','thriller','documentation']"
5042;ts297483;Hometown Cha-Cha-Cha;"['comedy','romance','drama']"
5043;tm858869;Stowaway;"['thriller','scifi','drama']"
5044;ts343404;Mai;"['crime','drama']"
5045;tm833216;Things Heard & Seen;"['horror','thriller','drama']"
5046;tm1159163;Fistful of Vengeance;"['fantasy','action','crime','drama']"
5048;ts343251;Green Mothers' Club;['drama']
5049;tm912100;Bruised;"['drama','sport','thriller']"
5050;tm458292;Space Sweepers;"['scifi','fantasy','action','drama']"
5051;tm981945;The Last Letter From Your Lover;"['romance','drama']"
5053;ts1475;Chosen;"['scifi','thriller','drama']"
5058;ts329885;Standing Up;"['comedy','drama']"
5059;ts296563;Who Rules The World;"['drama','fantasy','romance']"
5062;ts253813;Glória;"['drama','history','thriller']"
5066;tm1108648;The Wasteland;"['thriller','drama','horror']"
5067;tm824160;Fear Street: Part Two - 1978;"['drama','horror']"
5073;ts288744;The Sound of Magic;"['drama','fantasy','music']"
5074;tm1038344;Awake;"['scifi','thriller','action','drama']"
5076;tm863351;The God Committee;"['drama','thriller']"
5077;tm976166;Malcolm & Marie;"['drama','romance']"
5078;tm949309;The White Tiger;"['drama','crime']"
5080;ts319303;He's Expecting;"['drama','comedy','romance']"
5081;tm1064228;Fatherhood;"['drama','comedy']"
5082;ts314742;He-Man and the Masters of the Universe;"['scifi','action','fantasy','animation','comedy','drama','family']"
5083;tm1018427;Moxie;"['comedy','drama','music']"
5084;tm855075;Rurouni Kenshin: The Beginning;"['drama','action']"
5087;ts272463;Colin in Black & White;"['drama','sport']"
5091;tm1138870;Badhaai Do;"['comedy','drama','crime']"
5092;tm1158704;Tyler Perry's A Madea Homecoming;"['comedy','drama','romance']"
5093;ts296825;Gone for Good;"['drama','crime','thriller']"
5097;ts269881;Record of Ragnarok;"['scifi','drama','fantasy','thriller','animation','action']"
5098;tm1182144;Dancing on Glass;"['drama','thriller']"
5099;tm1146393;All Hail;"['comedy','drama']"
5100;tm1038327;Beckett;"['thriller','action','crime','drama']"
5101;tm1080252;7 Prisoners;"['drama','crime']"
5105;tm473502;83;"['drama','history','sport']"
5106;ts312071;The Way of the Househusband;"['animation','action','comedy','crime','drama','romance']"
5107;ts271888;Fate: The Winx Saga;"['scifi','drama','fantasy','action']"
5110;ts302312;Jaguar;"['war','action','drama','history']"
5111;tm1025493;Dasvi;"['drama','comedy']"
5112;ts287328;Yasuke;"['scifi','action','drama','fantasy','thriller','animation']"
5114;tm1195032;Thar;"['thriller','western','action','drama','crime']"
5115;tm1087160;Fever Dream;"['drama','horror','thriller']"
5121;tm1167440;My Best Friend Anne Frank;['drama']
5122;ts260477;Post Mortem: No One Dies in Skarnes;"['thriller','comedy','drama']"
5123;ts265991;The Cook of Castamar;['drama']
5124;ts304468;Thirty-Nine;"['drama','romance']"
5127;ts315041;Bulgasal: Immortal Souls;"['scifi','thriller','drama','fantasy']"
5128;ts291718;Pretty Smart;"['comedy','drama','romance']"
5132;ts307925;On the Verge;"['comedy','drama']"
5133;tm898614;Sweet Girl;"['drama','thriller','action']"
5135;tm858000;Rurouni Kenshin: The Final;"['drama','action']"
5137;ts280892;"Devotion, a Story of Love and Desire";"['drama','romance']"
5138;tm1183542;Mishan Impossible;"['thriller','action','comedy','drama']"
5139;ts273485;Baki Hanma;"['thriller','animation','action','drama','sport']"
5140;ts301915;The King's Affection;['drama']
5142;ts268102;Juvenile Justice;"['drama','crime']"
5143;ts282133;City of Ghosts;['drama']
5145;ts271604;Blue Period;"['animation','drama']"
5146;ts313781;The Club;"['drama','comedy']"
5152;ts222864;Falling Into Your Smile;"['drama','comedy','romance']"
5154;tm1045741;Blue Miracle;"['drama','family']"
5156;ts215989;Snabba Cash;"['drama','thriller','action','crime']"
5160;ts257345;Wild Abandon;"['drama','comedy']"
5167;tm1052498;Aileen Wuornos: American Boogeywoman;"['drama','horror','thriller']"
5169;ts270798;Love (ft. Marriage and Divorce);"['drama','romance']"
5170;tm1003353;Operation Varsity Blues: The College Admissions Scandal;"['drama','documentation','crime']"
5171;tm881587;"Vengeance Is Mine, All Others Pay Cash";"['drama','comedy','romance','action']"
5173;ts288005;"Nevertheless,";"['drama','romance']"
5174;tm1110389;Single All the Way;"['comedy','drama','romance']"
5176;ts246178;Eden;"['scifi','fantasy','animation','action','drama','family']"
5177;tm1086874;Minnal Murali;"['action','comedy','drama','fantasy','scifi']"
5178;ts246073;Tribes of Europa;"['scifi','fantasy','action','drama']"
5181;tm860261;To All the Boys: Always and Forever;"['romance','comedy','drama']"
5183;ts216407;Age of Samurai: Battle for Japan;"['drama','history','war','documentation','action']"
5186;tm983668;Misha and the Wolves;"['documentation','drama']"
5188;tm1120509;Never Back Down: Revolt;"['drama','sport','action','crime']"
5190;ts317078;The Journalist;"['drama','thriller']"
5191;tm166973;Mixtape;"['comedy','drama','family','romance']"
5195;ts271321;Beyond Evil;"['crime','thriller','drama']"
5197;tm1131061;Hilda and the Mountain King;"['fantasy','animation','comedy','drama','family']"
5200;tm1120902;The Privilege;"['scifi','thriller','drama','horror']"
5202;tm1144897;My Father's Violin;['drama']
5204;tm1087932;Prey;"['drama','thriller']"
5208;ts240807;Power Rangers Dino Fury;"['comedy','drama','fantasy','scifi','thriller','action']"
5209;ts313689;Our Beloved Summer;"['drama','comedy']"
5211;tm1106212;Photocopier;"['drama','thriller','crime']"
5212;ts301999;Open Your Eyes;"['scifi','drama','thriller']"
5213;ts346007;Savage Beauty;['drama']
5215;ts313668;Tear Along the Dotted Line;"['drama','comedy','animation']"
5217;ts283610;Feels Like Ishq;"['drama','romance','comedy']"
5219;tm1049155;Bordertown: The Mural Murders;"['crime','drama']"
5223;ts306322;The Unlikely Murderer;"['drama','crime']"
5224;tm675820;A Boy Called Christmas;"['family','fantasy','drama']"
5225;tm1150256;Tall Girl 2;"['romance','comedy','drama','family']"
5226;tm1087956;Afterlife of the Party;"['fantasy','drama','romance','comedy']"
5228;ts302714;The Kingdom;"['drama','crime']"
5232;ts280693;Thomas & Friends: All Engines Go!;"['animation','comedy','fantasy','drama','music','family']"
5234;ts296129;Elite Short Stories: Guzmán Caye Rebe;"['drama','crime','thriller']"
5235;ts320557;Elite Short Stories: Patrick;"['comedy','drama']"
5239;tm1127479;Cobalt Blue;"['drama','romance']"
5241;ts317297;The Orbital Children;"['action','scifi','drama','fantasy','animation']"
5242;ts223450;Move to Heaven;['drama']
5245;ts287045;Fatma;"['crime','drama','thriller']"
5247;tm1003725;A Castle for Christmas;"['romance','comedy','drama','family']"
5249;tm319224;The Loud House Movie;"['animation','action','thriller','fantasy','drama','family','music','comedy']"
5253;ts268835;Sisyphus;"['action','fantasy','scifi','drama']"
5255;ts308511;Back to 15;"['comedy','drama']"
5256;tm1166015;The Invisible Thread;"['drama','comedy','family']"
5261;ts320075;Aranyak;"['crime','thriller','drama']"
5262;ts304058;Ganglands;"['action','crime','drama','thriller']"
5264;tm963182;Trollhunters: Rise of the Titans;"['comedy','drama','family','fantasy','animation','action']"
5265;ts296091;Elite Short Stories: Nadia Guzmán;"['drama','romance']"
5266;tm1083068;Operation Hyacinth;"['crime','drama','thriller']"
5267;tm1102891;Grudge;"['thriller','crime','drama']"
5273;tm960924;Kuthiraivaal;['drama']
5275;tm1036270;I Am All Girls;"['crime','drama','thriller']"
5278;ts287802;Penguin Town;"['documentation','drama','family','comedy']"
5279;ts239188;Kitz;"['thriller','drama']"
5284;tm813372;Etharkkum Thunindhavan;"['action','crime','drama','thriller']"
5288;ts315551;Elite Short Stories: Phillipe Caye Felipe;"['comedy','drama','romance']"
5289;tm1092892;Found;"['documentation','drama']"
5290;ts306068;Luna Park;"['drama','romance']"
5291;tm1040688;Three Songs for Benazir;['drama']
5292;ts319412;Forecasting Love and Weather;"['drama','romance']"
5295;tm1000797;Ride or Die;"['thriller','drama','romance']"
5296;tm362072;Monster;"['drama','crime']"
5299;tm880822;Mobile Suit Gundam Hathaway;"['drama','romance','scifi','animation','action']"
5300;tm433048;This Is the Night;"['drama','comedy']"
5301;tm1031976;Dhamaka;"['thriller','crime','drama','action']"
5303;tm1125844;The Whole Truth;"['horror','thriller','drama']"
5304;ts284862;Zero Chill;"['drama','comedy']"
5305;ts258415;Elves;"['fantasy','horror','thriller','family','drama','scifi']"
5306;tm872108;A Week Away;"['drama','family','romance']"
5308;tm948681;Below Zero;"['action','crime','horror','thriller','drama']"
5309;ts302653;Light the Night;"['drama','thriller','crime']"
5312;ts241296;Finding Ola;"['comedy','drama']"
5315;ts282291;Generation 56K;"['comedy','drama','romance']"
5316;tm1029256;Ferry;"['drama','thriller','action','crime']"
5317;ts315549;Elite Short Stories: Samuel Omar;"['comedy','drama']"
5318;tm1108621;Yara;"['drama','crime','thriller']"
5319;ts257817;Call My Agent Bollywood;"['drama','comedy']"
5320;ts296069;Elite Short Stories: Omar Ander Alexis;"['drama','crime','thriller']"
5323;tm950444;Skater Girl;"['drama','family','sport']"
5324;tm894254;Penguin Bloom;['drama']
5325;ts296059;Elite Short Stories: Carla Samuel;"['drama','romance']"
5326;tm998726;Sentinelle;"['drama','thriller','action','crime']"
5329;ts90023;AlRawabi School for Girls;['drama']
5331;ts260502;Until Life Do Us Part;['drama']
5333;ts232506;50M2;"['comedy','drama','thriller','crime']"
5334;ts326029;Savage Rhythm;"['drama','music']"
5336;tm1064532;Deep;"['scifi','thriller','drama']"
5338;tm1040671;Marilyn's Eyes;"['comedy','drama']"
5341;tm996010;Still Out of My League;"['comedy','romance','drama']"
5342;ts272939;The Lost Pirate Kingdom;"['documentation','drama','history']"
5344;ts108621;Sky Rojo;"['action','crime','drama','thriller']"
5349;ts288472;You Are My Spring;"['drama','romance','thriller','fantasy']"
5351;tm945448;Vicky and Her Mystery;"['drama','european']"
5357;ts307745;Money Heist: From Tokyo to Berlin;"['documentation','crime','drama']"
5361;tm421437;Anne+;"['drama','romance']"
5365;ts226392;Sexify;"['drama','comedy']"
5367;ts312094;JAPAN SINKS: People of Hope;"['scifi','war','drama']"
5368;tm1119136;Game Changer;"['crime','drama','romance','thriller','comedy']"
5370;tm1098514;The Falls;['drama']
5371;tm1000599;The Last Forest;"['drama','documentation']"
5372;ts288195;Invisible City;"['drama','fantasy','thriller','crime']"
5373;ts257271;The Time It Takes;"['drama','romance','comedy']"
5376;tm1107912;American Girl;['drama']
5378;tm876608;Sounds Like Love;"['comedy','music','romance','drama']"
5379;tm1119015;Love Like the Falling Petals;"['romance','drama']"
5382;tm1143058;How I Fell in Love with a Gangster;"['drama','crime']"
5384;tm1129217;Anonymously Yours;"['romance','drama']"
5389;ts302058;Everything Will Be Fine;"['comedy','drama']"
5390;tm996040;Forever Out of My League;"['romance','comedy','drama']"
5391;ts321437;Fishbowl Wives;"['drama','romance']"
5392;ts291150;Soil;"['comedy','drama']"
5398;ts329711;"Love, Life & Everything in Between";"['drama','comedy','romance']"
5404;ts235563;Daughter from Another Mother;"['romance','fantasy','comedy','drama']"
5407;tm1143258;Hey! Sinamika;"['drama','romance']"
5412;tm1159301;Forgive Us Our Trespasses;['drama']
5413;tm1178876;Battle: Freestyle;"['romance','drama','music']"
5414;ts331654;Pedal to Metal;"['action','crime','thriller','drama']"
5419;ts287703;Mine;['drama']
5420;ts287838;Mad for Each Other;"['drama','comedy','romance']"
5423;ts279953;Law School;"['crime','drama','thriller']"
5427;tm979688;Homunculus;"['drama','thriller','fantasy']"
5430;ts273318;Country Comfort;"['drama','comedy','action','family','music']"
5431;ts329882;Secrets of Summer;"['drama','family','music']"
5432;tm1018418;Two Distant Strangers;['drama']
5434;tm1165118;UFO;"['drama','romance','documentation']"
5437;tm872496;Autumn Girl;"['drama','romance']"
5439;tm1179579;In Good Hands;"['drama','family','romance','comedy']"
5440;tm1111595;A California Christmas: City Lights;"['romance','comedy','drama']"
5441;ts282155;Zero;"['scifi','action','comedy','drama','fantasy']"
5443;ts272515;Dealer;"['action','drama','crime','thriller']"
5445;tm990835;The Girl on the Train;"['drama','thriller','crime']"
5447;ts288540;Ray;"['drama','thriller','crime']"
5448;tm1115392;Shyam Singha Roy;"['drama','romance','horror','thriller']"
5454;tm1000037;Je suis Karl;"['drama','thriller','european','romance']"
5456;tm1023388;Madame Claude;"['drama','crime','romance']"
5458;tm816591;The Getaway King;"['action','comedy','crime','drama']"
5459;ts275448;Navillera;['drama']
5460;ts287853;Coyotes;['drama']
5464;tm1065788;Last Summer;"['romance','drama']"
5466;tm926580;A Family;"['crime','drama']"
5470;tm979182;Red Dot;"['horror','thriller','drama']"
5471;tm1092309;We Couldn't Become Adults;"['drama','romance']"
5473;tm1092075;Forever Rich;"['drama','comedy','music','thriller','crime']"
5474;tm1017664;Baggio: The Divine Ponytail;"['drama','sport']"
5477;tm963023;Chandigarh Kare Aashiqui;"['crime','drama','romance','comedy']"
5478;tm960430;Child of Kamiari Month;"['fantasy','animation','drama']"
5480;tm993435;Cousins;['drama']
5487;tm992279;Confessions of an Invisible Girl;"['drama','comedy']"
5490;tm1070032;Black Island;"['thriller','drama']"
5497;ts288064;Somos.;"['drama','history','crime']"
5498;tm1129394;The Princess Switch 3: Romancing the Star;"['romance','comedy','drama','family']"
5502;ts287941;Racket Boys;"['comedy','family','drama','sport']"
5505;tm1160484;Donkeyhead;['drama']
5507;ts283639;Decoupled;"['comedy','drama']"
5509;ts311915;Rebelde;"['drama','comedy','music','romance','family']"
5514;ts254956;So Not Worth It;['drama']
5516;tm1022912;One;"['drama','thriller']"
5518;tm886188;Caught by a Wave;"['romance','drama','sport']"
5519;ts303513;42 Days of Darkness;"['thriller','drama','crime']"
5523;tm1160938;Adam by Eve: A Live in Animation;"['drama','animation','music']"
5526;ts304690;Remember You;"['action','crime','drama','romance']"
5527;tm1027297;Time;"['drama','comedy']"
5529;tm1120937;Montford: The Chickasaw Rancher;"['drama','western','history']"
5531;tm1102570;Swallow;"['thriller','history','drama']"
5532;tm990983;Paper Lives;['drama']
5533;tm867681;Haseen Dillruba;"['drama','romance','thriller','crime']"
5534;tm1160424;AI Love You;"['romance','drama','scifi']"
5535;tm1114205;Amina;"['drama','action','history']"
5537;tm1049290;In for a Murder;"['comedy','thriller','drama','scifi']"
5539;tm1150800;Amandla;"['crime','drama']"
5542;tm980657;The Soul;"['scifi','thriller','drama']"
5543;ts285854;Till Death;['drama']
5549;tm958688;Love Me Instead;['drama']
5552;tm990972;The Last Paradiso;"['drama','romance']"
5556;tm1073802;Mimi;"['comedy','drama']"
5557;tm1063013;The Father Who Moves Mountains;"['thriller','drama']"
5559;tm859256;Red;['drama']
5565;tm876997;Most Eligible Bachelor;"['drama','romance']"
5567;tm1102226;"My Brother, My Sister";['drama']
5568;tm876083;Xtreme;"['thriller','fantasy','action','crime','drama']"
5570;tm1038364;Ghost Lab;"['horror','thriller','drama']"
5575;ts286218;The Rational Life;"['drama','romance']"
5576;tm1049265;My Wonderful Life;"['drama','romance','comedy']"
5579;ts257873;Dive Club;"['drama','family']"
5581;tm977620;Asakusa Kid;['drama']
5582;tm1045603;The House of Flowers: The Movie;"['drama','comedy']"
5590;tm1054462;The Land;"['drama','comedy']"
5591;ts287729;Alma Matters: Inside the IIT Dream;"['drama','documentation']"
5593;ts267062;Jiva!;['drama']
5594;tm986017;Gatao: The Last Stray;"['crime','action','drama','romance']"
5596;tm1027639;Annaatthe;"['drama','action','comedy']"
5598;tm1001619;Man in Love;"['romance','drama']"
5603;tm1025318;Ajeeb Daastaans;"['drama','romance']"
5618;tm919869;And Tomorrow the Entire World;"['crime','romance','drama']"
5621;tm1020293;Dearest Boy;"['comedy','drama']"
5625;tm981676;Double Dad;"['drama','comedy','family']"
5626;tm1037687;Dancing Queens;"['comedy','drama']"
5629;tm810657;Uppena;['drama']
5632;ts282214;Let's Fight Ghost;"['drama','action','fantasy','horror','romance']"
5633;tm1087383;JJ+E;"['drama','romance']"
5636;tm1030071;Mandela;"['drama','comedy']"
5637;tm1037519;The Guide to the Perfect Family;"['comedy','drama']"
5638;ts292270;The Snitch Cartel: Origins;"['crime','drama']"
5640;tm1142245;Kadaseela Biriyani;"['drama','comedy','crime']"
5642;tm869475;Pagglait;"['comedy','drama']"
5645;tm1106900;A World Without;"['thriller','scifi','drama']"
5648;ts289982;Bangkok Breaking;"['drama','thriller','action','crime']"
5653;tm1039168;Cinema Bandi;"['comedy','drama']"
5654;tm1165244;Into the Wind;"['drama','romance','sport','comedy']"
5655;ts321254;Yeh Kaali Kaali Ankhein;['drama']
5656;tm1110205;This Is Not a Comedy;"['drama','comedy']"
5659;tm1064988;Zero to Hero;"['drama','sport']"
5663;tm1053409;Happiness Ever After;"['drama','romance']"
5666;ts293103;Juanpis González - The Series;"['comedy','drama']"
5668;tm1024062;Nayattu;"['drama','thriller','crime']"
5670;tm989502;Wish You;"['drama','romance','music']"
5672;tm1099969;Angeliena;"['drama','comedy']"
5674;tm1024535;The Guardian;"['horror','music','thriller','crime','drama']"
5677;tm1127511;Only You;"['comedy','drama']"
5680;ts288861;Let's Eat;"['drama','comedy']"
5687;ts188367;Bombay Begums;['drama']
5690;tm1073555;Thimmarusu: Assignment Vali;"['thriller','crime','drama']"
5692;tm983722;Prime Time;"['thriller','drama']"
5696;tm1102856;The Four of Us;"['comedy','drama','romance']"
5698;tm988801;June & Kopi;"['comedy','drama','family']"
5699;tm855340;Thalaivii;['drama']
5701;tm1037800;Soy Rada: Serendipity;"['comedy','drama']"
5702;tm1029314;Have You Ever Seen Fireflies?;"['drama','comedy']"
5705;tm945283;Hand Rolled Cigarette;"['thriller','drama']"
5709;tm1022280;Maha Samudram;['drama']
5714;tm1018592;A Perfect Fit;"['drama','comedy','romance']"
5715;tm1011248;30 March;"['drama','thriller','crime']"
5719;ts268103;Reflection of You;['drama']
5722;ts288544;Creator's File: GOLD;"['drama','comedy']"
5725;tm994923;"Our Lady of San Juan, Four Centuries of Miracles";"['drama','history']"
5728;tm863829;Ali & Ratu Ratu Queens;"['drama','comedy']"
5729;tm1068720;D.O.D.: Day of Destiny;"['scifi','drama']"
5730;tm1049317;Upcoming Summer;['drama']
5731;tm831387;What Happened to Mr Cha?;"['comedy','drama']"
5735;tm856634;Jagame Thandhiram;"['crime','comedy','drama','thriller','action']"
5737;ts320335;Summer Heat;"['drama','romance']"
5739;tm1109080;Mughizh;['drama']
5741;tm985747;I Missed You;"['drama','romance']"
5742;tm1015884;African America;['drama']
5743;tm1121098;Will You Marry?;"['romance','drama']"
5744;tm1067260;Tughlaq Durbar;"['comedy','drama','thriller']"
5745;tm959213;My Amanda;"['drama','romance']"
5746;tm918777;Geez & Ann;"['romance','drama']"
5747;ts285422;Newton's Cradle;"['drama','thriller']"
5748;tm886193;Laabam;"['drama','action']"
5749;tm987730;Tribhanga;"['drama','family']"
5750;ts283284;Navarasa;['drama']
5751;ts297685;I Need Romance;"['drama','romance']"
5754;ts308002;The Five Juanas;['drama']
5756;tm988613;Madam Chief Minister;['drama']
5758;ts284885;Abla Fahita: Drama Queen;"['drama','comedy','crime']"
5759;tm1122095;A Naija Christmas;"['comedy','drama','romance']"
5763;tm1036797;Sardar Ka Grandson;"['romance','drama','comedy']"
5764;tm1027177;Sarbath;"['romance','comedy','drama']"
5769;tm1091284;Ankahi Kahaniya;"['drama','romance']"
5771;tm998544;Here and There;"['drama','romance']"
5772;tm1099342;Devdas Brothers;['drama']
5773;tm982470;Stuck Apart;"['comedy','drama']"
5774;tm898842;C/O Kaadhal;['drama']
5776;tm1091956;A Faraway Land;['drama']
5781;tm1026043;Just in Time;"['drama','comedy','family']"
5782;tm1080697;Binti;['drama']
5784;tm993616;The Tambour of Retribution;['drama']
5785;ts273317;Pitta Kathalu;"['drama','romance']"
5786;tm851599;Tersanjung: The Movie;"['drama','romance']"
5789;tm846586;Layla Majnun;"['drama','romance']"
5790;tm1106888;Meeting Point;['drama']
5792;tm1097142;My Bride;"['comedy','drama','romance']"
5795;tm878575;The Heartbreak Club;"['comedy','drama','romance']"
5798;tm1004011;Time to Dance;"['drama','romance']"
5801;tm1014599;Fine Wine;"['romance','drama']"
5803;tm1045018;Clash;"['family','drama']"
